	0	1	2	3	4	5	6	7	8	9	10	11	12	13	14	15	16	17	18	19	20	21	22	23	24	25	26	27	28	29	30	31	32	33	34	35	36	37	38	39	40	41	42	43	44	45	46	47	48	49	50	51	52	53	54	55	56	57	58	59	60	61	62	63	64	65	66	67	68	69	70	71	72	73	74	75	76	77	78	79	80	81	82	83	84	85	86	87	88	89
tRNA-Ala-AGC-1-1	0.0	0.0	0.0	0.0	0.0	0.0	0.0	0.0	0.0	0.0	0.0	0.0	0.0	0.0	0.0	0.0	0.0	0.0	0.09999999999999998	0.0	0.0	-0.20000000000000007	-0.19999999999999996	0.0	-0.20000000000000007	0.09999999999999998	0.09999999999999998	-0.10000000000000009	0.09999999999999998	0.0	0.0	0.10000000000000009	0.0	0.0	0.0	-0.09999999999999998	-0.10000000000000009	0.0	-0.20000000000000007	0.0	0.0	0.0	0.0	0.10000000000000009	0.0	0.0	-0.09999999999999998	0.0	0.0	0.0	-0.09999999999999998	0.09999999999999998	0.0	0.0	0.0	0.0	0.0	0.0	0.0	0.0	0.0	0.0	0.0	0.0	0.0	0.0	0.0	0.0	0.0	0.0	0.09999999999999998	-0.09999999999999998	0.0	0.0	0.0	0.0														
tRNA-Ala-TGC-1-1	0.0	0.0	0.0	-0.09999999999999998	-0.09999999999999998	0.09999999999999998	0.0	0.09999999999999998	0.0	0.0	0.0	0.0	0.0	0.0	0.0	0.0	0.0	0.09999999999999998	0.0	0.09999999999999998	-0.09999999999999998	-0.09999999999999998	-0.19999999999999996	0.0	0.09999999999999998	-0.09999999999999998	-0.09999999999999998	-0.09999999999999998	0.10000000000000009	0.0	0.0	0.0	0.0	0.0	0.0	0.0	0.0	0.0	0.0	0.0	0.0	0.0	0.0	0.0	0.0	0.0	0.0	0.0	0.0	0.0	0.0	0.0	0.0	0.0	0.0	0.0	0.0	0.0	0.0	0.0	0.0	0.0	0.0	0.0	0.0	0.0	0.0	0.0	-0.09999999999999998	0.09999999999999998	0.0	0.0	0.0	0.0	0.0	0.0														
tRNA-Arg-ACG-1-1	0.0	-0.050000000000000044	0.1499999999999999	0.0	0.0	0.29999999999999993	-0.09999999999999998	-0.09999999999999998	-0.050000000000000044	0.0	0.09999999999999998	0.25	-0.04999999999999993	0.09999999999999998	-0.050000000000000044	0.0	0.19999999999999996	0.0	-0.10000000000000009	0.09999999999999998	0.0	0.09999999999999998	0.050000000000000044	-0.15000000000000002	-0.15000000000000002	0.04999999999999993	0.0	0.15000000000000002	0.0	0.09999999999999998	-0.050000000000000044	0.09999999999999998	0.09999999999999998	0.04999999999999993	0.050000000000000044	-0.050000000000000044	-0.050000000000000044	-0.050000000000000044	-0.09999999999999998	-0.050000000000000044	0.09999999999999998	0.0	-0.45000000000000007	-0.050000000000000044	0.0	-0.050000000000000044	0.04999999999999993	0.050000000000000044	0.04999999999999993	0.04999999999999993	0.0	0.0	0.0	-0.10000000000000009	0.04999999999999993	-0.050000000000000044	-0.30000000000000004	0.15000000000000002	0.0	0.0	0.04999999999999993	0.0	0.0	0.0	0.0	0.0	-0.050000000000000044	0.0	0.0	0.0	0.0	0.04999999999999993	0.0	0.0	0.0	0.0														
tRNA-Arg-CCG-1-1	0.0	0.0	0.0	0.0	0.0	0.0	0.0	0.0	0.0	0.0	0.0	0.0	0.0	0.0	0.0	0.0	0.11111111111111105	0.0	0.0	0.0	0.11111111111111105	-0.11111111111111116	0.0	-0.11111111111111116	0.0	0.0	-0.11111111111111116	0.0	-0.2222222222222222	-0.33333333333333326	-0.11111111111111105	0.33333333333333337	0.2222222222222222	0.0	0.0	0.0	0.0	0.0	0.0	0.0	0.0	0.0	0.0	0.0	0.0	0.0	0.0	0.0	0.0	0.0	0.0	0.0	0.11111111111111116	-0.11111111111111116	0.0	0.0	0.0	0.0	0.0	0.0	0.0	0.0	0.0	-0.11111111111111116	-0.11111111111111116	0.0	0.11111111111111116	0.11111111111111116	0.0	0.0	0.0	0.0	0.0	0.0	0.11111111111111116															
tRNA-Arg-CCT-1-1	0.0	0.0	0.0	0.0	0.0	0.0	0.0	0.0	0.0	0.0	0.0	0.0	0.0	0.0	0.0	0.0	0.0	0.0	0.0	0.0	-0.11111111111111105	0.0	0.0	0.0	-0.11111111111111105	0.0	0.11111111111111105	0.0	0.11111111111111105	0.0	0.0	-0.11111111111111105	0.0	-0.11111111111111105	0.0	0.0	0.0	0.0	0.0	0.0	0.0	0.0	0.0	0.0	0.0	0.0	0.0	0.0	0.0	0.0	0.0	0.0	0.0	0.0	0.0	0.0	0.0	0.0	0.0	0.0	0.0	0.0	0.0	0.0	0.0	0.0	0.0	0.0	0.0	0.0	0.0	0.0	-0.11111111111111116	0.0	0.0															
tRNA-Arg-TCT-1-1	0.0	0.0	0.0	0.0	0.0	0.0	0.0	-0.022222222222222254	0.0	0.0	-0.011111111111111183	0.0	-0.011111111111111183	0.07777777777777783	-0.033333333333333326	-0.033333333333333326	0.0	0.0	-0.011111111111111183	-0.033333333333333326	-0.12222222222222223	0.07777777777777783	-0.12222222222222223	-0.033333333333333326	0.1333333333333333	0.011111111111111183	0.07777777777777783	-0.022222222222222254	0.0	0.09999999999999998	0.05555555555555558	-0.07777777777777783	-0.033333333333333326	-0.011111111111111183	0.022222222222222254	-0.022222222222222254	0.0	0.033333333333333215	-0.022222222222222254	0.18888888888888888	0.0444444444444444	-0.13333333333333341	0.0	-0.011111111111111183	-0.13333333333333341	0.0444444444444444	0.0444444444444444	0.09999999999999998	0.07777777777777783	-0.022222222222222254	0.0	-0.011111111111111183	-0.011111111111111183	0.06666666666666665	-0.033333333333333326	-0.022222222222222254	0.011111111111111183	-0.15555555555555556	-0.13333333333333341	0.0	0.0	-0.011111111111111183	0.0	0.0	0.0	0.0	0.0	0.0	0.0	0.0	0.0	-0.011111111111111183	0.0	0.0	0.0															
tRNA-Asn-GTT-1-1	0.0	0.0	0.0	0.0	0.0	0.0	0.0	0.0	0.0	0.0	0.0	0.0	0.0	-0.09999999999999998	0.0	0.0	0.0	0.0	0.10000000000000009	0.0	-0.09999999999999998	0.0	0.0	0.0	0.0	0.09999999999999998	0.0	0.0	0.0	-0.09999999999999998	0.0	0.0	0.0	0.0	0.0	0.0	0.0	0.0	0.0	0.0	0.0	0.0	0.0	0.0	0.0	0.0	0.0	0.0	0.0	0.0	0.0	0.0	0.0	0.0	0.0	0.0	0.0	0.0	0.0	0.0	0.0	0.0	0.0	-0.09999999999999998	0.0	0.09999999999999998	0.0	0.0	0.0	0.0	0.0	0.0	0.0	0.0	0.0	0.0	0.0													
tRNA-Asp-GTC-1-1	0.0	0.0	0.0	-0.30000000000000004	-0.4	-0.44999999999999996	-0.09999999999999998	-0.35	0.0	-0.15000000000000002	-0.19999999999999996	-0.25	-0.15000000000000002	0.04999999999999993	0.0	0.0	-0.20000000000000007	0.04999999999999993	-0.09999999999999998	0.0	-0.09999999999999998	0.0	0.0	-0.050000000000000044	0.0	0.0	0.0	-0.050000000000000044	-0.050000000000000044	-0.050000000000000044	0.0	0.20000000000000007	-0.09999999999999998	0.0	-0.09999999999999998	0.09999999999999998	0.050000000000000044	-0.09999999999999998	0.04999999999999993	0.04999999999999993	0.04999999999999993	0.0	-0.050000000000000044	0.04999999999999993	0.0	0.0	0.0	0.04999999999999993	-0.050000000000000044	0.0	0.0	0.0	0.09999999999999998	-0.19999999999999996	0.0	0.09999999999999998	0.09999999999999998	0.04999999999999993	0.09999999999999998	0.0	0.0	0.0	-0.050000000000000044	0.0	-0.050000000000000044	0.04999999999999993	0.0	0.0	0.0	0.0	0.0	-0.050000000000000044	-0.050000000000000044	0.0	0.0															
tRNA-Cys-GCA-1-1	0.0	0.0	0.0	0.0	0.0	0.0	0.0	0.0	0.0	-0.09999999999999998	0.0	0.09999999999999998	0.0	0.0	0.0	0.0	-0.10000000000000009	0.09999999999999998	0.0	0.0	0.0	0.0	0.0	0.0	0.0	0.0	0.0	0.0	0.0	0.0	0.0	0.0	0.0	0.0	0.0	0.0	0.0	0.0	0.0	0.0	0.0	0.0	0.0	0.0	0.0	-0.09999999999999998	0.0	0.0	0.0	0.0	0.0	0.0	0.0	0.0	-0.09999999999999998	0.0	0.0	0.0	0.0	0.0	0.0	0.0	0.0	0.0	0.0	0.0	0.0	0.0	0.0	0.0	0.0	0.0	0.09999999999999998	0.0	0.09999999999999998															
tRNA-Gln-CTG-1-1	0.0	0.0	0.0	0.0	0.0	-0.125	0.0	0.0	0.0	0.0	0.0	0.0	-0.375	-0.5	-0.125	0.625	-0.375	0.0	-0.125	-0.25	-0.125	0.0	0.0	-0.125	-0.125	0.875	-0.125	0.125	0.0	1.0	-0.125	-0.125	0.0	0.75	0.25	-0.25	-0.625	-0.25	0.0	0.0	-0.25	-0.875	-0.25	-0.125	-0.125	0.0	-0.375	-0.125	0.0	0.0	-0.875	-0.125	-0.625	0.125	0.0	-0.5	0.5	0.375	-0.125	-0.125	0.0	0.0	0.0	0.0	0.0	-0.875	0.0	0.0	0.0	0.0	-0.125	-0.125	-0.125	0.0	0.0															
tRNA-Gln-TTG-1-1	0.0	0.11111111111111116	0.05555555555555558	0.0	0.0	0.05555555555555558	0.0	0.0	0.0	0.0	0.0	0.0	-0.2222222222222222	0.11111111111111116	-0.05555555555555558	-0.16666666666666663	0.16666666666666663	-0.2777777777777778	0.0	-0.11111111111111105	0.05555555555555558	0.11111111111111116	0.0	-0.2222222222222222	-0.05555555555555547	-0.16666666666666663	0.05555555555555558	-0.11111111111111105	0.05555555555555558	0.11111111111111116	0.05555555555555558	0.11111111111111105	0.16666666666666663	-0.38888888888888884	-0.38888888888888895	0.11111111111111116	-0.11111111111111116	-0.11111111111111105	0.0	-0.05555555555555558	-0.11111111111111116	0.05555555555555558	0.11111111111111105	0.05555555555555558	-0.05555555555555558	-0.11111111111111116	-0.05555555555555558	0.0	0.0	-0.05555555555555558	-0.16666666666666663	-0.11111111111111116	0.05555555555555558	-0.2222222222222222	0.05555555555555558	0.0	0.16666666666666663	0.05555555555555558	-0.16666666666666663	0.05555555555555558	0.0	0.0	0.0	0.0	0.0	0.0	0.0	0.0	0.0	0.0	0.05555555555555558	0.0	0.0	0.0	0.0															
tRNA-Glu-CTC-1-1	0.0	0.0	0.0	0.0	0.0	0.0	0.0	0.0	0.0	0.0	0.0	0.0	0.0	0.0	0.0	0.0	0.0	0.0	0.0	0.0	0.0	0.0	0.0	0.0	-0.30000000000000004	-0.30000000000000004	0.0	0.29999999999999993	0.29999999999999993	-0.10000000000000009	0.0	0.0	-0.09999999999999998	0.09999999999999998	-0.10000000000000009	0.0	0.0	0.0	0.0	0.0	0.10000000000000009	0.0	0.09999999999999998	0.0	0.09999999999999998	0.0	0.10000000000000009	0.09999999999999998	0.10000000000000009	0.0	-0.09999999999999998	-0.09999999999999998	-0.09999999999999998	0.0	0.0	-0.09999999999999998	-0.09999999999999998	0.0	0.0	0.0	0.0	0.0	0.0	0.0	0.0	0.0	0.0	0.0	0.0	0.0	0.0	0.0	0.0	0.0	0.0															
tRNA-Glu-TTC-1-1	0.0	0.0444444444444444	0.0	0.0	0.0	0.0	0.0	0.0	0.0	0.0	0.0	0.0	0.11111111111111116	0.0444444444444444	0.0444444444444444	-0.05555555555555558	0.0444444444444444	0.0444444444444444	0.19999999999999996	0.033333333333333326	-0.011111111111111183	0.07777777777777783	0.022222222222222254	0.06666666666666665	-0.011111111111111183	-0.0888888888888888	-0.022222222222222254	-0.18888888888888888	-0.13333333333333341	0.0	-0.2222222222222222	0.0888888888888888	0.2777777777777778	-0.0444444444444444	-0.15555555555555556	-0.28888888888888886	-0.011111111111111183	-0.28888888888888886	0.022222222222222254	0.033333333333333215	-0.07777777777777783	-0.011111111111111183	-0.11111111111111116	-0.022222222222222254	0.0444444444444444	0.022222222222222254	-0.011111111111111183	0.0	-0.07777777777777783	-0.05555555555555558	0.0	0.0444444444444444	0.0444444444444444	-0.07777777777777783	-0.05555555555555558	0.0	0.0	0.0	0.0444444444444444	0.0	0.0	0.0	0.0	0.0444444444444444	0.0	0.0	-0.4444444444444444	0.0	0.0	0.0	0.0	0.0	0.0	0.0	0.0															
tRNA-Gly-CCC-1-1	-0.10526315789473684	-0.1578947368421053	0.30000000000000004	-0.27368421052631586	0.17894736842105263	0.0	0.0	0.0	0.047368421052631504	0.047368421052631504	0.09999999999999998	-0.10526315789473684	0.13157894736842102	0.09999999999999998	0.09999999999999998	0.0	-0.04999999999999993	0.050000000000000044	0.0	0.15000000000000002	-0.09999999999999998	0.04999999999999993	-0.050000000000000044	-0.09999999999999998	-0.15000000000000002	-0.15000000000000002	-0.19999999999999996	0.10000000000000009	0.20000000000000007	0.0	-0.09999999999999998	-0.09999999999999998	-0.15000000000000002	-0.10000000000000009	-0.09999999999999998	-0.19999999999999996	0.04999999999999993	-0.050000000000000044	-0.050000000000000044	-0.25	-0.10000000000000009	-0.20000000000000007	-0.050000000000000044	-0.4	-0.050000000000000044	-0.050000000000000044	-0.15000000000000002	-0.09999999999999998	0.0	-0.050000000000000044	0.0	0.0	-0.09999999999999998	0.050000000000000044	0.0	0.0	0.0	0.09999999999999998	0.0	0.0	0.0	0.0	0.0	0.0	0.0	-0.050000000000000044	0.0	-0.5	0.04999999999999993	0.0	-0.050000000000000044	-0.050000000000000044	-0.050000000000000044	0.0	0.0															
tRNA-Gly-GCC-1-1	0.0	0.0	0.0	0.0	0.0	0.0	0.0	0.0	0.09999999999999998	-0.09999999999999998	-0.09999999999999998	-0.09999999999999998	0.0	-0.10000000000000009	0.09999999999999998	0.09999999999999998	0.0	0.0	-0.19999999999999996	0.0	-0.09999999999999998	-0.10000000000000009	-0.10000000000000009	0.09999999999999998	0.09999999999999998	0.0	0.09999999999999998	0.0	0.0	0.0	0.0	0.0	0.0	0.09999999999999998	-0.20000000000000007	0.0	0.0	0.10000000000000009	0.0	0.0	0.0	0.0	0.0	0.0	0.0	0.0	0.0	0.0	0.0	0.0	-0.09999999999999998	0.0	0.0	0.0	0.09999999999999998	0.0	0.0	0.0	0.0	0.0	0.0	0.0	0.0	0.0	0.0	0.0	0.0	0.0	0.0	0.0	0.0	0.0	0.0	0.0																
tRNA-Gly-TCC-1-1	0.0	0.09999999999999998	0.4	0.0	0.0	0.0	-0.09999999999999998	0.09999999999999998	0.0	0.09999999999999998	0.10000000000000009	-0.10000000000000009	-0.30000000000000004	-0.09999999999999998	0.19999999999999996	0.19999999999999996	0.20000000000000007	-0.19999999999999996	0.0	0.0	0.20000000000000007	0.0	-0.09999999999999998	0.0	0.0	0.19999999999999996	0.0	-0.20000000000000007	-0.09999999999999998	0.0	-0.19999999999999996	-0.09999999999999998	0.0	0.0	0.09999999999999998	0.09999999999999998	0.09999999999999998	0.0	0.0	0.0	0.0	0.0	0.0	0.0	0.0	0.0	0.0	0.0	0.0	0.0	0.0	0.0	0.0	0.0	0.0	0.0	0.0	0.0	0.0	0.0	0.0	0.0	0.0	0.0	0.0	0.0	0.0	0.0	0.0	0.0	-0.09999999999999998	0.0	0.09999999999999998	0.0	-0.09999999999999998															
tRNA-His-GTG-1-1	0.0	0.0	0.0	0.0	0.0	0.0	0.0	0.0	0.0	0.0	-0.20000000000000007	-0.19999999999999996	0.20000000000000007	0.19999999999999996	0.0	0.0	0.09999999999999998	-0.09999999999999998	0.0	0.0	0.0	0.0	0.0	0.0	0.0	0.0	0.0	0.0	0.0	0.0	-0.09999999999999998	0.09999999999999998	0.0	0.0	-0.19999999999999996	0.09999999999999998	-0.09999999999999998	0.0	0.0	0.09999999999999998	0.0	0.0	-0.09999999999999998	0.0	0.0	0.0	0.0	0.0	0.0	0.0	0.0	0.0	0.0	0.0	0.0	0.0	0.0	0.0	0.0	0.0	0.0	0.0	0.0	0.0	0.0	0.0	0.0	0.0	0.0	0.0	0.0	0.0	0.0	0.0	0.0															
tRNA-Ile-AAT-1-1	0.0	0.0	0.0	0.0	0.0	0.0	0.0	0.0	0.0	0.0	0.0	0.0	0.0	0.0	0.0	0.0	0.0	0.0	0.0	0.0	0.0	0.0	0.0	0.0	0.0	0.0	0.0	0.0	0.0	0.0	0.0	0.0	0.0	0.0	0.0	0.0	0.0	0.0	-0.19999999999999996	0.0	0.09999999999999998	-0.10000000000000009	-0.19999999999999996	0.10000000000000009	0.09999999999999998	-0.10000000000000009	-0.09999999999999998	0.09999999999999998	0.0	0.0	0.0	0.0	0.0	0.19999999999999996	0.09999999999999998	0.0	0.0	0.0	0.0	-0.09999999999999998	-0.09999999999999998	-0.09999999999999998	0.0	0.0	0.09999999999999998	0.0	0.0	0.0	0.0	0.0	0.0	0.0	0.0	0.0	0.0	0.0	0.0													
tRNA-Ile-TAT-1-1	0.0	0.0	0.0	0.0	0.0	0.05555555555555558	0.0	0.11111111111111105	-0.05555555555555547	-0.05555555555555558	-0.05555555555555547	0.05555555555555558	-0.2222222222222222	-0.16666666666666663	0.05555555555555558	0.0	0.0	-0.05555555555555547	-0.05555555555555547	0.16666666666666674	0.05555555555555558	-0.05555555555555558	0.0	0.0	0.0	0.0	0.0	0.0	0.0	0.0	0.05555555555555558	-0.05555555555555558	-0.05555555555555558	-0.2777777777777777	0.16666666666666663	0.38888888888888895	-0.05555555555555558	0.05555555555555558	-0.05555555555555558	-0.05555555555555558	-0.05555555555555558	-0.05555555555555547	0.0	0.10457516339869277	-0.11764705882352944	-0.1633986928104575	-0.09803921568627438	0.05228758169934644	0.0	0.10457516339869277	0.10457516339869277	-0.006535947712418277	-0.006535947712418277	0.019607843137255054	-0.14379084967320266	-0.130718954248366	0.006535947712418277	0.006535947712418277	-0.2549019607843137	-0.12418300653594772	0.0	0.0	0.0	0.0	0.0	0.0	0.065359477124183	0.0	-0.05882352941176472	0.05228758169934644	0.11111111111111116	0.0	0.0	0.0	0.05228758169934644	0.0														
tRNA-Leu-GAG-1-1	0.0	0.0	0.0	0.0	0.0	0.0	0.0	0.0	0.0	0.0	0.0	0.0	-0.125	0.0	-0.375	0.0	0.125	0.25	0.0	0.0	0.0	0.0	0.0	0.0	0.0	0.0	0.0	0.0	0.0	0.0	0.0	0.0	-0.125	0.0	0.0	0.0	0.0	0.0	0.0	0.0	0.0	0.0	0.0	0.0	0.0	0.0	-0.125	-0.125	0.0	0.125	0.125	0.0	0.0	0.0	-0.125	0.125	-0.125	0.0	0.0	0.0	0.0	0.0	-0.1428571428571429	0.1428571428571428	0.0	0.0	0.0	0.0	0.0	0.0	0.0	0.0	0.0	0.0	0.0	0.0	0.0	0.0	0.0	0.0	0.0	0.0	0.0	0.0	0.0					
tRNA-Leu-TAA-1-1	0.0	0.0	-0.125	0.0	-0.125	0.0	0.0	0.0	0.125	-0.125	0.0	0.0	0.0	0.0	0.0	0.0	0.0	0.0	0.0	0.0	0.0	0.0	0.0	0.0	0.0	0.125	-0.125	-0.125	-0.25	-0.25	-0.125	0.0	0.125	-0.125	0.0	0.0	0.0	0.0	0.0	0.0	0.0	-0.125	0.0	0.125	0.0	0.0	0.0	0.0	0.0	0.0	0.0	0.0	0.0	0.0	0.0	0.0	0.0	0.0	0.0	0.0	0.0	0.0	0.0	0.0	0.0	0.0	-0.125	0.125	0.0	0.0	0.0	0.0	0.0	0.0	0.0	0.0	0.0	0.0	0.0	-0.125	0.0	0.0	0.125	0.0	0.0	0.0	0.0			
tRNA-Leu-TAG-1-1	0.0	0.0	0.0	0.0	0.0	0.0	0.0	0.0	0.0	0.0	0.1428571428571428	-0.1428571428571429	0.0	0.0	-0.1428571428571429	0.0	0.1428571428571428	0.0	0.0	0.0	0.0	0.0	0.0	0.1428571428571429	-0.1428571428571429	0.0	0.0	0.0	0.0	0.0	0.0	0.0	0.0	0.0	0.0	0.0	0.0	0.0	0.0	0.0	0.0	0.0	0.0	0.0	0.0	0.0	0.0	0.0	0.0	0.0	0.0	0.0	0.0	0.0	0.0	0.0	0.0	0.0	0.0	0.0	0.0	0.0	-0.1428571428571429	0.1428571428571428	0.0	0.0	0.0	0.0	0.0	0.0	0.0	0.0	0.0	0.0	0.0	0.0	0.0	0.0	0.0	0.0	0.0	-0.1428571428571429	0.0	0.0	0.1428571428571429					
tRNA-Lys-CTT-1-1	0.0	0.0	0.0	0.0	0.0	0.0	0.0	0.0	0.0	0.0	0.0	0.0	0.09999999999999998	0.0	0.0	0.0	-0.10000000000000009	0.09999999999999998	0.09999999999999998	0.09999999999999998	-0.10000000000000009	-0.20000000000000007	-0.09999999999999998	0.0	-0.09999999999999998	-0.09999999999999998	0.0	0.0	0.0	0.0	0.0	0.09999999999999998	0.0	-0.09999999999999998	0.0	0.0	0.0	0.0	0.0	-0.09999999999999998	0.10000000000000009	0.0	0.09999999999999998	-0.19999999999999996	0.29999999999999993	-0.29999999999999993	-0.10000000000000009	0.0	-0.10000000000000009	0.0	0.0	0.0	0.0	0.0	0.0	0.0	0.0	-0.09999999999999998	0.0	0.0	0.0	0.0	0.0	0.0	0.0	0.0	0.0	0.0	0.0	0.0	0.0	0.0	0.0	0.0	0.0	0.0														
tRNA-Lys-TTT-1-1	0.0	-0.09999999999999998	0.0	0.0	0.0	0.0	0.0	0.0	0.0	0.0	0.0	0.0	0.0	0.0	0.0	-0.10000000000000009	0.09999999999999998	0.0	0.0	0.09999999999999998	-0.09999999999999998	0.0	0.0	0.09999999999999998	0.0	-0.09999999999999998	-0.09999999999999998	-0.09999999999999998	0.0	0.0	0.0	0.0	0.0	0.0	0.0	0.0	0.09999999999999998	-0.10000000000000009	0.0	0.0	-0.10000000000000009	0.30000000000000004	0.0	-0.30000000000000004	0.0	0.0	0.0	0.0	0.0	0.0	0.0	0.0	0.0	0.0	0.0	0.0	0.0	0.0	0.0	0.09999999999999998	-0.09999999999999998	0.0	0.0	0.0	-0.09999999999999998	0.0	0.0	0.0	0.0	0.0	0.0	0.0	0.0	0.0	0.0	0.0														
tRNA-Met-CAT-1-1	0.0	-0.09999999999999998	0.0	0.0	0.0	0.0	0.0	0.0	0.0	0.0	0.0	0.0	0.0	0.0	0.0	0.0	0.0	0.0	0.0	0.0	0.0	0.0	0.0	0.0	0.0	-0.09999999999999998	0.0	0.0	-0.10000000000000009	0.0	0.10000000000000009	-0.20000000000000007	-0.10000000000000009	0.09999999999999998	0.09999999999999998	-0.09999999999999998	0.0	0.0	0.0	0.0	0.0	0.0	0.09999999999999998	-0.09999999999999998	0.09999999999999998	-0.09999999999999998	-0.09999999999999998	0.0	0.0	0.0	0.0	0.0	0.0	0.09999999999999998	-0.10000000000000009	-0.19999999999999996	0.20000000000000007	0.0	0.0	0.0	0.0	0.0	0.0	0.0	0.0	0.0	0.0	0.0	0.0	0.0	0.0	0.0	0.0	0.0	0.0	0.0														
tRNA-Phe-GAA-1-1	0.0	0.0	0.0	0.0	0.0	-0.4375	-0.0625	0.0	0.18055555555555558	-0.20138888888888884	0.02083333333333337	0.08333333333333337	-0.09027777777777779	-0.00694444444444442	-0.1527777777777778	0.20833333333333337	-0.02777777777777779	0.08333333333333337	0.04861111111111116	0.04861111111111116	0.0	0.04861111111111116	-0.01388888888888884	0.09722222222222221	0.06944444444444442	-0.13194444444444442	-0.04166666666666663	0.0	0.0	0.0	0.0	0.03472222222222221	0.00694444444444442	0.08333333333333337	-0.18055555555555558	0.00694444444444442	-0.05555555555555558	-0.04166666666666663	-0.03472222222222221	-0.0625	-0.01388888888888884	-0.01388888888888884	0.0	0.0	-0.04166666666666663	0.09722222222222221	0.06944444444444442	0.03472222222222221	0.0	0.04861111111111116	0.0	0.04861111111111116	0.0	0.11111111111111116	0.0	0.03472222222222221	0.04861111111111116	0.125	0.11805555555555558	0.08333333333333337	0.04861111111111116	0.09722222222222221	0.0	0.0	0.0	0.0	-0.4375	0.0	0.0	0.0	0.0	0.0	0.0	0.0	0.0	0.0														
tRNA-Pro-AGG-1-1	0.0	0.0	0.0	0.0	0.0	0.0	0.0	0.0	0.0	0.0	0.0	0.0	0.0	0.0	0.125	0.125	0.0	-0.125	0.0	-0.125	0.0	-0.125	0.0	0.0	-0.125	0.0	0.0	0.0	0.0	0.0	0.0	0.0	0.0	0.0	0.0	0.0	0.0	0.0	0.0	0.0	0.0	0.0	0.0	0.0	0.0	0.0	0.0	0.0	0.0	0.0	0.0	0.0	0.0	0.0	0.0	0.0	0.0	0.0	0.0	0.0	0.0	0.0	0.0	0.0	0.0	0.0	0.0	0.0	0.0	0.0	0.0	0.0	0.0	0.0	0.0															
tRNA-Pro-TGG-1-1	0.0	0.0	-0.0714285714285714	0.0	0.0	0.07142857142857151	0.0	0.07142857142857151	0.1428571428571428	0.0	0.0	0.0714285714285714	0.1428571428571428	-0.1428571428571428	-0.0714285714285714	0.07142857142857151	0.0	0.3571428571428571	-0.4285714285714285	0.2142857142857143	-0.0714285714285714	-0.0714285714285714	0.0	-0.2857142857142857	-0.1428571428571428	0.0	-0.1428571428571429	-0.0714285714285714	-0.0714285714285714	-0.0714285714285714	0.0	0.1428571428571429	-0.1428571428571428	0.0	0.2857142857142857	0.0	-0.0714285714285714	-0.1428571428571429	-0.0714285714285714	-0.2142857142857143	-0.0714285714285714	-0.0714285714285714	0.0	-0.1428571428571429	-0.0714285714285714	-0.0714285714285714	0.1428571428571429	-0.0714285714285714	0.07142857142857151	0.0	0.0	-0.0714285714285714	0.0714285714285714	-0.1428571428571429	0.0714285714285714	0.2142857142857143	0.0	-0.2142857142857142	0.07142857142857151	0.0	0.0	0.0	0.0	0.0	0.0	0.0	0.0	0.0	-0.09523809523809523	-0.0714285714285714	0.09523809523809523	0.0	0.0	0.261904761904762	0.0															
tRNA-Ser-AGA-1-1	0.0	0.0	0.0	0.02450980392156865	0.0980392156862745	0.02450980392156865	0.0	0.0	0.0	0.0	0.08333333333333337	0.014705882352941124	-0.019607843137254832	-0.16176470588235292	0.02450980392156865	0.0	0.0980392156862745	0.08823529411764708	0.08823529411764708	0.03921568627450989	0.04901960784313719	0.02450980392156865	-0.03431372549019607	0.0	-0.05882352941176472	-0.039215686274509665	0.10294117647058831	0.0	-0.23529411764705888	-0.11764705882352944	0.08333333333333337	-0.019607843137254832	0.07352941176470584	0.09313725490196079	0.02450980392156865	0.07843137254901966	-0.13235294117647056	-0.044117647058823484	-0.03431372549019607	-0.16176470588235292	-0.02941176470588236	-0.1470588235294117	0.009803921568627527	-0.09803921568627438	-0.009803921568627527	-0.009803921568627527	0.0	0.02450980392156865	0.03921568627450989	0.0	0.02450980392156865	-0.05882352941176472	0.0	0.0	0.004901960784313708	-0.17647058823529416	-0.05882352941176472	-0.03431372549019607	0.0	0.02450980392156865	0.0	0.0	0.0	-0.02083333333333337	0.0	0.0	0.0	0.0	0.0	0.0	0.0	0.0	0.0	0.0	0.0	0.0	0.0	0.0	0.0	0.0	0.0	0.02083333333333337	0.02083333333333337	0.0	-0.0625					
tRNA-Ser-CGA-1-1	0.0	0.0	0.0	0.11111111111111116	0.0	0.0	0.0	0.0	0.0	0.0	0.0	0.0	0.0	0.11111111111111105	0.0	0.0	0.0	0.0	-0.11111111111111116	0.11111111111111116	0.0	0.0	0.0	0.0	0.0	-0.11111111111111105	0.0	-0.11111111111111116	0.0	0.0	0.0	0.0	0.0	-0.2222222222222222	0.0	-0.11111111111111105	-0.11111111111111105	-0.11111111111111116	0.0	-0.2222222222222222	0.22222222222222232	0.0	0.0	-0.2222222222222221	0.0	-0.11111111111111116	0.0	0.0	0.0	0.11111111111111116	0.0	0.0	0.0	0.0	0.0	-0.11111111111111105	0.0	0.11111111111111116	0.0	0.0	0.0	0.0	0.0	0.11111111111111105	0.0	0.11111111111111116	0.0	0.11111111111111105	0.11111111111111105	0.0	0.0	0.0	0.0	0.0	0.0	0.0	0.0	0.0	0.0	0.0	0.0	0.0	0.0	0.0	0.0					
tRNA-Ser-GCT-1-1	0.0	0.0	0.0	0.0	0.0	0.0	0.0	0.0	0.0	0.0	0.0	0.23076923076923073	-0.1923076923076923	0.23076923076923073	0.21153846153846156	0.23076923076923073	-0.019230769230769273	0.3076923076923077	-0.17307692307692313	-0.019230769230769273	0.15384615384615385	0.07692307692307687	-0.25	-0.17307692307692313	0.07692307692307687	0.34615384615384615	0.21153846153846156	0.038461538461538436	0.21153846153846156	0.5384615384615384	-0.019230769230769273	0.07692307692307687	0.0	0.3846153846153846	0.13461538461538458	-0.11538461538461542	-0.019230769230769273	0.15384615384615385	0.0	0.0	0.15384615384615385	0.16666666666666663	0.33333333333333326	0.5	0.08333333333333337	-0.16666666666666663	0.0	-0.16666666666666663	0.0	-0.25	0.0	0.0	0.0	0.0	0.0	0.0	0.0	0.0	0.0	0.0	0.0	0.0	0.30000000000000004	0.09999999999999998	0.09999999999999998	0.09999999999999998	-0.15000000000000002	0.15000000000000002	0.0	-0.15000000000000002	0.0	0.0	0.0	0.0	0.0	0.0	0.0	0.0	0.0	0.0	0.0	0.0	0.0	0.0	0.0					
tRNA-Ser-TGA-1-1	0.0	0.0	0.0	0.09999999999999998	0.0	0.09999999999999998	0.0	0.0	0.0	0.0	0.17500000000000004	-0.15000000000000002	0.025000000000000022	-0.050000000000000044	-0.025000000000000022	-0.050000000000000044	0.15000000000000002	-0.025000000000000022	0.025000000000000022	-0.09999999999999998	0.050000000000000044	-0.025000000000000022	0.0	0.0	0.09999999999999998	0.0	0.09999999999999998	-0.025000000000000022	-0.09999999999999998	0.0	0.050000000000000044	0.07499999999999996	-0.050000000000000044	0.09999999999999998	0.0	0.0	0.19999999999999996	0.050000000000000044	0.07499999999999996	-0.17500000000000004	0.07499999999999996	0.050000000000000044	-0.17500000000000004	-0.15000000000000002	-0.025000000000000022	0.07499999999999996	-0.125	-0.025000000000000022	-0.025000000000000022	-0.025000000000000022	-0.025000000000000022	-0.025000000000000022	-0.025000000000000022	-0.025000000000000022	0.050000000000000044	0.09999999999999998	0.09999999999999998	0.09999999999999998	0.0	0.0	0.09999999999999998	0.09999999999999998	0.09999999999999998	0.07499999999999996	0.0	0.07499999999999996	0.0	0.0	0.0	0.0	0.0	0.0	0.0	0.0	0.0	-0.025000000000000022	0.0	0.0	0.0	0.0	0.0	0.0	0.0	0.0	-0.025000000000000022					
tRNA-Thr-AGT-1-1	0.0	0.0	0.0	0.0	0.0	-0.09999999999999998	0.0	0.0	0.09999999999999998	0.0	0.0	0.0	0.0	0.0	0.0	0.0	0.0	0.0	0.0	0.0	0.0	0.0	0.0	0.0	0.0	0.0	-0.19999999999999996	-0.19999999999999996	0.20000000000000007	0.0	0.0	0.10000000000000009	0.09999999999999998	-0.10000000000000009	-0.09999999999999998	0.0	0.0	0.0	0.0	-0.10000000000000009	-0.10000000000000009	0.09999999999999998	0.0	0.0	0.0	0.0	0.0	0.0	0.0	0.0	0.0	0.0	0.0	0.0	0.0	0.0	-0.09999999999999998	0.09999999999999998	0.0	0.0	0.0	0.0	0.0	0.0	0.0	0.0	0.0	0.0	0.0	0.0	0.0	0.0	0.0	-0.09999999999999998	0.0	0.0														
tRNA-Thr-CGT-1-1	0.0	0.0	0.0	0.0	0.0	0.0	0.0	0.0	0.0	0.0	0.0	0.0	0.0	0.0	0.0	0.0	0.0	0.0	0.0	0.0	0.0	0.0	0.0	0.0	0.0	0.0	0.0	0.0	0.0	0.0	0.0	-0.125	0.0	0.0	0.0	0.0	-0.125	0.0	0.0	0.0	-0.25	0.0	0.0	0.0	0.0	0.0	0.0	0.0	0.0	0.0	0.0	0.0	0.375	-0.375	0.0	0.125	-0.125	0.0	0.0	0.0	0.0	0.0	0.0	0.0	0.0	0.0	0.0	0.0	0.0	0.0	0.0	0.0	0.0	0.0	0.0															
tRNA-Thr-TGT-1-1	0.0	0.0	0.0	0.0	0.0	0.0	0.19999999999999996	-0.125	0.15000000000000002	0.0	0.15000000000000002	0.0	0.0	0.15000000000000002	-0.125	0.0	0.07499999999999996	0.0	0.15000000000000002	-0.125	0.0	0.0	0.07499999999999996	0.0	0.125	0.09999999999999998	0.15000000000000002	0.0	-0.050000000000000044	0.050000000000000044	0.0	-0.025000000000000022	0.025000000000000022	-0.17500000000000004	-0.050000000000000044	0.025000000000000022	0.025000000000000022	-0.25	-0.125	-0.050000000000000044	0.15000000000000002	0.15000000000000002	0.09999999999999998	0.025000000000000022	-0.07499999999999996	-0.050000000000000044	0.050000000000000044	0.0	0.0	0.07499999999999996	0.07499999999999996	0.0	0.22499999999999998	-0.22499999999999998	0.0	-0.15000000000000002	-0.07499999999999996	0.025000000000000022	-0.125	0.09999999999999998	0.0	0.0	-0.375	0.0	0.0	0.0	0.0	0.0	0.0	0.0	0.0	0.0	0.0	0.0	0.0															
tRNA-Trp-CCA-1-1	0.0	0.0	0.0	0.0	0.0	-0.023809523809523725	0.0	0.0	0.11904761904761907	-0.023809523809523725	-0.0714285714285714	-0.023809523809523725	0.16666666666666663	-0.16666666666666663	0.1428571428571429	0.19047619047619047	-0.19047619047619047	0.0714285714285714	-0.023809523809523725	0.0	0.0	-0.023809523809523725	-0.023809523809523725	-0.04761904761904767	-0.0714285714285714	0.04761904761904756	-0.04761904761904767	0.09523809523809523	-0.023809523809523725	-0.0714285714285714	-0.09523809523809534	0.0	-0.04761904761904767	0.0	0.0	0.0	0.1428571428571429	0.0	0.0	0.0	0.0	0.0	0.0	0.0	0.0	0.0	0.0	0.0	0.0	0.0	0.0	0.0	-0.16666666666666663	0.16666666666666674	0.0	0.0	-0.16666666666666663	0.0	-0.16666666666666663	0.16666666666666663	0.0	0.0	0.0	0.0	0.0	0.0	0.0	0.0	0.0	0.0	0.0	0.0	0.0	0.0	0.0															
tRNA-Tyr-GTA-1-1	0.0	0.0	0.0	0.0	0.0	0.0	0.0	0.0	0.0	0.0	0.0	0.0	0.0	0.0	0.0	0.0	0.0	0.0	0.0	0.0	0.0	0.0	0.0	0.0	0.0	-0.5555555555555556	-0.11111111111111105	0.5555555555555556	0.11111111111111105	0.0	0.0	0.0	-0.11111111111111105	-0.11111111111111105	0.11111111111111116	0.0	0.0	0.11111111111111116	0.0	-0.11111111111111105	0.0	0.0	0.0	0.0	0.0	0.0	0.0	0.0	0.0	0.0	0.0	0.0	0.0	0.0	0.0	0.0	-0.11111111111111105	0.0	0.0	0.0	0.0	0.0	0.0	0.0	0.0	0.0	0.0	0.0	0.0	0.0	0.0	0.0	0.0	0.0	0.0	0.0	0.0	0.0												
tRNA-Und-NNN-1-1	0.0	0.0	0.0	0.0	0.0	0.0	0.0	0.0	0.0	0.0	0.0	-0.1333333333333333	-0.06666666666666676	-0.2666666666666667	-0.2666666666666667	-0.2666666666666667	-0.06666666666666676	-0.2666666666666667	0.33333333333333326	-0.19999999999999996	0.0	-0.06666666666666665	-0.06666666666666665	-0.06666666666666665	0.1333333333333333	0.0	0.06666666666666665	-0.19999999999999996	0.06666666666666665	0.06666666666666665	0.20000000000000007	0.20000000000000007	0.0	0.06666666666666665	-0.2666666666666667	0.06666666666666665	-0.1333333333333333	-0.06666666666666665	0.0	-0.1333333333333333	-0.07692307692307687	-0.28205128205128205	-0.34615384615384615	-0.25	0.0	0.0	0.9090909090909091	-0.09090909090909094	0.0	0.0	0.0	0.0	0.0	0.0	0.0	0.0	0.0	0.0	0.0	0.0	0.0	-0.25	-0.25	-0.125	-0.75	-0.5	-0.5	0.0	0.0	0.0	0.0	0.0	0.0	0.0	0.0	0.0	0.0	0.0	0.0	0.0	0.0	0.0	0.0	0.0						
tRNA-Val-AAC-1-1	0.0	0.0	0.0	0.0	0.0	-0.011111111111111183	0.0444444444444444	-0.05555555555555558	0.033333333333333326	0.0	0.022222222222222254	0.15555555555555556	-0.06666666666666676	0.11111111111111116	0.0	0.033333333333333326	0.011111111111111183	-0.15555555555555556	-0.06666666666666665	-0.07777777777777783	0.07777777777777783	-0.2333333333333334	-0.06666666666666665	-0.07777777777777783	0.0	-0.022222222222222254	0.0444444444444444	0.022222222222222254	-0.16666666666666663	0.0444444444444444	-0.12222222222222223	0.18888888888888888	-0.022222222222222254	-0.011111111111111183	0.0	0.05555555555555558	0.022222222222222254	0.14444444444444438	0.0	-0.011111111111111183	0.0	0.0444444444444444	0.0	0.24444444444444446	-0.16666666666666663	-0.033333333333333326	0.05555555555555558	-0.2222222222222222	0.033333333333333215	0.0444444444444444	-0.05555555555555558	0.0	0.0	0.0	0.2666666666666666	-0.2777777777777778	-0.011111111111111183	-0.011111111111111183	0.0	0.11111111111111116	0.13333333333333341	-0.12222222222222223	0.0444444444444444	0.0444444444444444	0.0	0.0	0.0	0.0	0.0888888888888888	0.09999999999999998	0.14117647058823524	0.11111111111111116	0.0625	-0.3125	0.25	0.1875	0.0													
tRNA-Val-CAC-1-1	0.0	0.0	0.0	0.0	0.0	0.0	0.0	0.0	0.0	0.0	0.0	0.0	0.0	0.0	-0.11111111111111105	0.0	0.0	0.11111111111111116	-0.11111111111111116	0.0	0.0	0.0	0.0	0.0	0.0	0.0	0.0	0.0	-0.11111111111111105	0.0	0.0	0.0	0.0	0.11111111111111116	-0.11111111111111116	-0.11111111111111105	0.0	0.11111111111111116	0.0	0.0	0.0	0.11111111111111105	0.0	-0.11111111111111116	0.0	0.0	0.0	0.0	0.0	-0.11111111111111105	0.0	0.0	0.0	0.11111111111111116	0.0	0.0	0.0	0.0	0.0	0.0	-0.11111111111111116	0.0	0.11111111111111116	0.0	0.0	0.0	0.0	0.0	0.0	0.0	0.0	0.0	0.0	0.0	0.0	0.0														
tRNA-Val-TAC-1-1	0.0	0.0	0.0	0.0	0.0	0.0	0.0	0.0	0.0	0.0	0.0	0.0	0.0	0.0	0.0	0.0	-0.09999999999999998	0.09999999999999998	0.0	0.0	0.0	0.0	0.0	0.0	0.0	-0.09999999999999998	-0.09999999999999998	-0.09999999999999998	0.09999999999999998	0.09999999999999998	0.0	0.0	0.09999999999999998	0.0	-0.09999999999999998	0.0	0.0	0.0	0.0	0.0	0.0	0.0	0.0	0.0	0.0	0.0	0.0	0.0	0.0	0.0	0.0	0.0	0.0	0.0	0.0	0.0	0.0	0.0	0.0	0.0	0.0	0.0	0.0	0.0	0.0	0.0	0.0	0.0	0.0	0.0	0.0	0.0	0.0	0.0	0.0	0.0	0.0													
tRNA-iMet-CAT-1-1	0.0	0.0	0.0	0.0	0.0	0.0	0.0	0.0	0.0	0.0	0.0	0.0	0.0	0.0	0.0	0.0	0.0	0.0	-0.16666666666666663	-0.16666666666666674	-0.16666666666666674	-0.16666666666666663	0.0	0.0	0.16666666666666663	0.16666666666666674	0.0	0.0	0.0	0.0	0.0	0.0	0.0	-0.16666666666666674	0.0	0.33333333333333337	-0.16666666666666663	0.0	0.0	0.0	0.0	0.0	0.0	0.0	0.0	0.0	0.0	0.0	0.0	0.0	0.0	0.0	0.0	0.0	0.0	0.0	0.0	0.0	0.0	0.0	0.0	0.0	0.0	0.0	0.0	0.0	0.0	0.0	0.0	0.0	0.0	0.16666666666666663	-0.06666666666666665	0.0	0.0															
mito_Ala-TCG	0.0	0.0	0.0	0.0	0.0	0.0	0.0	0.0	0.0	0.0	0.0	0.0	0.0	0.0	0.0	0.09999999999999998	0.0	-0.09999999999999998	0.0	0.0	0.0	0.0	0.0	0.0	-0.09999999999999998	0.0	0.0	0.09999999999999998	0.0	0.0	0.0	0.0	0.0	0.0	0.0	0.0	0.0	0.0	0.0	0.0	0.0	0.0	0.0	0.0	0.0	0.0	0.0	0.0	0.0	0.0	0.0	0.0	0.0	0.0	0.0	0.0	0.0	0.0	0.0	0.0	0.0	0.0	0.0	0.0	0.0	0.0	0.0	0.0	0.0	0.0	0.0	0.0	0.0	0.0	0.0	0.0														
mito_Arg-ACG	0.0	0.0	0.0	0.09999999999999998	0.0	0.0	0.0	0.0	0.0	0.0	0.0	0.0	0.0	0.0	0.0	0.0	0.0	0.0	-0.09999999999999998	0.0	0.0	0.0	0.0	0.0	0.0	0.0	0.0	0.0	0.0	0.0	0.0	0.0	0.0	0.0	0.0	0.0	0.0	0.0	-0.09999999999999998	0.0	0.0	-0.09999999999999998	0.0	-0.09999999999999998	0.09999999999999998	0.09999999999999998	0.0	0.0	0.0	0.0	0.0	0.0	0.0	0.0	0.0	0.0	0.0	0.0	0.0	0.0	0.0	0.0	0.0	0.0	0.0	0.0	0.0	0.0	0.0	0.0	0.0	0.0	0.0	0.0																
mito_Arg-NCT	0.0	0.0	0.0	0.0	0.0	0.0	0.0	0.0	0.0	0.0	0.0	0.0	0.0	0.09999999999999998	-0.09999999999999998	0.0	0.09999999999999998	0.0	-0.10000000000000009	-0.09999999999999998	0.0	0.09999999999999998	0.09999999999999998	0.0	0.0	0.0	0.0	0.0	-0.09999999999999998	0.09999999999999998	0.0	0.0	0.0	-0.19999999999999996	0.0	0.0	-0.09999999999999998	-0.09999999999999998	-0.09999999999999998	0.19999999999999996	0.19999999999999996	-0.19999999999999996	-0.09999999999999998	-0.4	0.0	0.4	0.0	0.0	0.0	0.0	0.0	0.0	0.0	0.0	0.0	0.0	0.0	0.0	0.0	0.0	0.0	0.0	0.0	0.0	0.0	0.0	0.0	0.0	0.0	0.0	0.0	0.0	0.0	0.0	0.0	0.0														
mito_Asp-GTC	0.0	0.0	0.0	0.0	0.0	-0.09999999999999998	0.0	0.09999999999999998	0.0	0.0	0.0	0.0	0.0	0.0	0.0	-0.09999999999999998	-0.10000000000000009	0.0	0.09999999999999998	0.10000000000000009	0.0	0.0	0.0	0.0	0.0	0.0	0.0	0.0	0.0	0.0	0.0	0.0	0.0	0.0	0.0	-0.20000000000000007	0.0	0.20000000000000007	0.0	0.0	0.0	0.0	0.0	0.0	0.0	0.0	0.0	0.0	0.0	0.0	0.0	0.0	0.0	0.0	0.0	0.0	0.0	0.0	0.0	0.0	0.0	0.0	0.0	0.0	0.0	0.0	0.0	0.0	0.0	0.0	0.0	0.0	0.0	0.0	0.0															
mito_Asn-GTT	0.0	0.0	0.0	0.0	0.0	0.0	0.0	0.0	0.0	0.0	0.0	0.0	0.0	0.0	0.0	0.0	0.0	0.0	0.0	0.0	0.0	0.0	0.09999999999999998	0.09999999999999998	-0.09999999999999998	0.0	-0.10000000000000009	-0.09999999999999998	0.0	0.0	-0.10000000000000009	0.0	0.10000000000000009	0.0	0.0	0.0	0.09999999999999998	-0.09999999999999998	-0.09999999999999998	0.0	0.0	0.0	0.0	0.0	0.0	0.0	0.0	0.0	0.0	0.0	0.0	0.0	0.0	0.0	0.0	0.0	0.0	0.0	0.0	0.0	0.0	0.0	0.0	0.0	0.0	0.0	0.0	0.0	0.0	0.0	0.0	0.0	0.0	0.0	0.0															
mito_Cys-GCA	0.0	0.0	0.0	0.0	0.0	0.0	0.0	0.0	0.0	0.0	0.11111111111111116	0.0	0.0	-0.2063492063492064	-0.12698412698412698	-0.09523809523809523	-0.031746031746031744	0.11111111111111116	-0.031746031746031744	-0.031746031746031744	-0.031746031746031744	0.0	-0.06349206349206349	0.0	0.015873015873015817	0.11111111111111116	0.0793650793650793	0.11111111111111116	0.0	0.11111111111111116	0.0	0.04761904761904767	0.0	0.0	0.11111111111111116	0.09523809523809534	0.09523809523809534	-0.2063492063492064	-0.1785714285714286	0.1071428571428571	-0.0892857142857143	0.125	-0.0714285714285714	0.0892857142857143	0.0892857142857143	0.1071428571428571	-0.0357142857142857	-0.017857142857142905	0.1071428571428571	0.0	0.0	0.0	0.0	0.0	0.0357142857142857	0.0	0.0	0.0	0.0	-0.5	-0.2142857142857143	0.11904761904761907	-0.0714285714285714	0.09523809523809523	-0.023809523809523725	-0.023809523809523725	-0.0714285714285714	-0.023809523809523725	-0.04761904761904767	0.11904761904761907	0.16666666666666674	0.0	0.16666666666666663	-0.16666666666666674	0.0	0.0														
mito_Gln-TTG	0.0	0.0	0.0	0.0	0.0	0.0	0.0	0.0	0.0	0.09999999999999998	0.0	0.0	0.18888888888888888	0.19999999999999996	0.0888888888888888	-0.06666666666666676	-0.0888888888888888	0.1777777777777778	-0.06666666666666676	-0.12222222222222223	-0.033333333333333326	-0.2222222222222222	-0.033333333333333326	-0.0444444444444444	-0.033333333333333326	-0.12222222222222223	-0.011111111111111183	-0.011111111111111183	-0.0444444444444444	-0.011111111111111183	-0.011111111111111183	-0.011111111111111183	-0.0444444444444444	0.022222222222222254	0.05555555555555558	-0.011111111111111183	0.05555555555555558	-0.011111111111111183	-0.15555555555555556	0.09999999999999998	0.0	0.0	0.0	0.0	0.0	-0.033333333333333326	0.0	0.0	0.0	0.0	0.0	0.0	0.0	0.0	0.05555555555555558	0.0	0.0	0.0	0.0	0.0	0.0	0.0	0.0	0.0	0.0	0.09999999999999998	0.0	0.0	0.0	0.0	-0.11111111111111116	-0.11111111111111116	0.0	0.0	0.0	0.11111111111111116														
mito_Glu-TTC	0.0	0.0	0.0	0.0	0.0	0.0	0.0	0.0	0.0	0.0	0.0	0.0	0.0	0.0	0.0	0.0	0.0	0.0	0.0	0.0	0.0	0.0	-0.09999999999999998	0.0	-0.09999999999999998	0.0	0.0	0.09999999999999998	0.0	0.0	0.0	0.0	0.0	0.0	0.0	-0.09999999999999998	0.19999999999999996	0.09999999999999998	0.0	0.0	0.0	0.0	-0.09999999999999998	-0.09999999999999998	0.0	0.0	0.0	0.0	0.0	0.0	0.0	0.0	0.0	0.0	0.0	0.0	0.0	0.0	0.0	0.0	0.0	0.0	0.0	0.0	0.0	0.0	0.0	0.0	0.0	0.0	0.0	0.0	0.0	0.0	-0.09999999999999998															
mito_Gly-TCC	0.0	0.0	0.0	0.0	0.0	0.0	0.0	0.0	0.0	0.0	0.0	0.0	0.0	0.0	0.0	0.0	0.0	0.0	0.0	0.0	0.0	0.0	0.0	0.0	0.0	0.0	0.0	0.0	0.0	0.09999999999999998	0.0	-0.10000000000000009	0.0	0.0	-0.09999999999999998	0.0	0.0	0.0	0.0	0.0	0.0	0.0	0.0	0.0	0.0	0.0	0.0	0.0	0.0	0.0	0.0	0.0	0.0	0.0	0.0	0.0	0.0	0.0	0.0	0.0	0.0	0.0	0.0	0.0	0.0	0.0	0.0	0.0	0.0	0.0	-0.09999999999999998	0.0	0.0	0.09999999999999998	0.0															
mito_His-GTG	0.0	0.0	0.0	0.0	0.0	0.0	0.0	-0.09999999999999998	0.0	0.0	0.09999999999999998	0.0	0.0	0.0	0.0	0.0	0.0	-0.09999999999999998	0.0	0.0	0.09999999999999998	0.0	0.0	0.0	0.0	0.0	0.0	0.0	-0.09999999999999998	0.0	0.0	0.0	0.0	-0.09999999999999998	0.0	0.09999999999999998	0.09999999999999998	0.0	0.0	0.0	0.0	0.0	0.0	0.0	0.0	0.0	0.0	0.0	0.0	0.0	0.0	0.0	0.0	0.0	0.0	0.0	0.0	0.0	0.0	0.0	0.0	0.0	0.0	0.0	-0.09999999999999998	0.0	0.0	-0.09999999999999998	0.09999999999999998	0.0	0.0	0.0	0.0	0.0																
mito_Ile-GAT	0.0	0.0	0.0	0.0	0.0	0.0	0.0	0.0	0.0	0.0	0.0	0.0	0.0	0.2222222222222222	-0.2222222222222222	0.0	0.0	0.11111111111111116	0.0	0.11111111111111116	0.0	0.0	-0.11111111111111116	-0.11111111111111116	0.0	-0.11111111111111116	0.0	0.0	0.0	0.0	0.0	0.0	0.0	0.0	-0.11111111111111105	0.11111111111111116	0.0	0.0	0.0	0.0	0.0	0.0	-0.11111111111111116	0.11111111111111116	0.0	0.0	-0.11111111111111105	0.0	0.11111111111111116	0.0	0.0	0.0	0.0	0.0	0.0	0.0	0.0	0.0	0.0	0.0	0.0	0.0	0.0	0.0	0.0	0.0	0.0	0.0	0.0	0.0	0.0	0.0	0.0	0.0	0.0	0.0														
mito_Leu-TAA	0.0	0.0	0.0	0.0	0.011111111111111183	0.0	0.011111111111111183	0.0	0.0	0.0	0.0	0.0	0.0	0.12222222222222223	-0.0888888888888888	0.07777777777777783	0.0444444444444444	0.0444444444444444	0.033333333333333326	0.0444444444444444	0.011111111111111183	-0.0888888888888888	0.0	-0.07777777777777783	-0.07777777777777783	0.16666666666666674	-0.0444444444444444	-0.05555555555555558	0.033333333333333326	0.0444444444444444	-0.07777777777777783	-0.0444444444444444	-0.09999999999999998	0.07777777777777783	-0.16666666666666663	0.06666666666666676	-0.022222222222222254	-0.07777777777777783	0.05555555555555558	0.14444444444444438	0.0	0.011111111111111183	0.011111111111111183	0.0	0.0	0.0	0.0	0.0	0.0	0.011111111111111183	0.0	0.0	0.0	0.0	0.0	0.033333333333333326	0.0	-0.0888888888888888	0.011111111111111183	0.022222222222222254	0.11111111111111116	0.0	0.011111111111111183	-0.0444444444444444	0.0	0.0	-0.09999999999999998	-0.09999999999999998	-0.09999999999999998	0.0	0.0	0.011111111111111183	0.0	-0.09999999999999998	0.0	0.0	0.0	0.0	-0.09999999999999998	-0.09999999999999998	0.011111111111111183	0.011111111111111183	0.0	0.0	0.0					
mito_Lys-TTT	0.0	0.0	0.0	0.0	-0.11111111111111116	-0.11111111111111116	0.11111111111111116	0.11111111111111116	0.0	0.0	0.0	0.0	0.0	0.0	0.0	0.0	0.33333333333333326	-0.33333333333333326	0.0	0.0	0.0	0.0	0.0	0.0	0.0	0.0	-0.11111111111111105	-0.11111111111111105	-0.11111111111111116	-0.11111111111111105	-0.11111111111111105	0.11111111111111105	0.0	0.11111111111111105	0.0	0.11111111111111105	0.11111111111111116	0.0	0.0	0.0	0.0	0.0	0.0	0.0	0.0	0.0	0.0	0.0	0.0	0.0	-0.11111111111111116	0.11111111111111116	-0.11111111111111116	0.11111111111111105	0.0	0.0	0.0	0.0	0.0	0.0	0.0	0.0	0.0	0.0	0.0	0.0	0.0	0.0	0.0	0.0	0.0	0.0	0.0	0.0	0.0															
mito_iMet-CAT	0.0	0.0	0.0	0.0	0.0	0.0	0.0	0.0	0.0	0.0	0.0	0.0	0.0	0.09999999999999998	-0.09999999999999998	0.0	0.0	0.0	0.0	0.0	0.0	0.0	0.0	0.0	0.0	0.0	0.0	0.0	0.0	0.0	0.0	0.0	0.0	0.0	0.0	0.0	0.0	-0.10000000000000009	-0.09999999999999998	0.0	0.0	0.0	0.0	0.0	0.0	0.0	0.0	0.0	0.0	0.0	0.0	0.0	0.0	0.0	0.0	0.0	0.0	0.0	0.0	0.0	0.0	0.0	0.0	0.0	0.0	0.0	0.0	0.0	0.0	0.0	0.0	0.0	0.0	0.0	0.0	0.0														
mito_Met-CAT	0.0	0.0	0.0	0.0	0.0	0.0	0.0	0.0	0.0	0.0	0.0	0.0	0.011111111111111183	-0.05555555555555558	-0.05555555555555558	0.011111111111111183	-0.05555555555555558	-0.033333333333333215	0.011111111111111183	-0.05555555555555558	0.011111111111111183	0.06666666666666676	-0.06666666666666665	-0.06666666666666665	-0.07777777777777783	-0.0888888888888888	0.033333333333333326	0.033333333333333326	0.011111111111111183	0.022222222222222254	0.011111111111111183	-0.022222222222222254	-0.06666666666666665	0.033333333333333326	-0.07777777777777783	-0.14444444444444438	-0.07777777777777783	-0.033333333333333215	0.022222222222222254	0.033333333333333326	-0.0888888888888888	-0.16666666666666663	-0.0888888888888888	0.011111111111111183	0.022222222222222254	0.12222222222222223	0.0	0.0	0.0	0.0	0.0	0.0	0.0	0.0	0.0	-0.033333333333333215	0.0	0.0	0.0	0.011111111111111183	0.011111111111111183	-0.0888888888888888	-0.0888888888888888	-0.30000000000000004	-0.18888888888888888	-0.0888888888888888	0.12222222222222223	0.0	0.0	0.0	0.0	0.0	0.0	0.0	0.011111111111111183	0.0	0.0													
mito_Phe-GAA	0.0	0.0	0.0	0.0	0.0	0.0	0.0	0.0	0.0	0.0	0.0	0.0	0.0	0.0	0.0	-0.09999999999999998	0.0	0.0	0.0	0.0	0.0	0.0	-0.09999999999999998	0.0	0.0	0.0	-0.09999999999999998	0.0	0.0	0.0	-0.09999999999999998	0.09999999999999998	-0.10000000000000009	0.0	0.0	0.0	0.0	0.0	0.0	0.0	0.0	0.0	0.0	0.0	0.0	0.0	0.0	0.0	0.0	0.0	0.0	0.0	0.0	0.0	0.0	0.0	0.0	0.0	0.0	0.0	-0.09999999999999998	0.0	0.0	0.0	0.09999999999999998	0.0	0.0	0.0	0.0	0.0	0.0	0.0	0.0	0.0	0.0															
mito_Pro-TGG	0.0	0.0	0.0	0.0	0.0	0.0	0.0	0.0	0.0	0.0	0.0	0.0	0.0	0.0	0.0	0.0	0.0	0.0	0.0	0.0	0.0	0.0	0.0	0.0	0.0	0.0	0.0	0.0	0.0	0.0	0.09999999999999998	0.0	-0.10000000000000009	0.0	0.0	0.0	0.0	0.0	0.0	0.0	0.0	0.0	0.0	0.0	0.0	0.0	0.0	0.0	0.0	0.0	0.0	0.0	0.0	0.0	0.0	0.0	0.0	0.0	0.0	0.0	0.0	0.0	0.0	0.0	0.0	0.0	0.0	0.0	0.0	0.0	0.0	0.0	0.0	0.0	0.0															
mito_Ser-GCT	0.0	0.0	0.0	0.0	0.0	0.0	0.0	0.0	0.0	0.0	0.0	0.0	0.0	0.0	0.0	0.0	0.0	0.0	0.0	0.0	0.0	0.0	0.0	0.09999999999999998	-0.09999999999999998	-0.09999999999999998	0.0	0.0	0.09999999999999998	0.0	0.0	0.0	0.0	0.0	0.0	0.09999999999999998	0.0	0.0	-0.09999999999999998	0.0	-0.09999999999999998	0.0	0.0	0.0	0.0	0.0	0.0	0.0	0.0	0.0	0.0	0.0	0.0	0.0	0.0	0.0	0.0	0.0	0.0	0.0	0.0	0.0	0.0	0.0	0.0	0.0	0.0	0.0	-0.09999999999999998	0.0	0.0	0.0	0.0	0.0	0.0	0.09999999999999998	0.0	0.0	0.0	0.0	0.0	0.0	0.0	0.0	0.0	0.0				
mito_Ser-TGA	0.0	0.0	0.0	0.0	0.0	0.0	0.0	0.0	0.0	0.0	0.0	0.0	0.0	0.0	0.0	0.0	0.0	0.0	0.0	0.0	0.0	0.09999999999999998	0.0	-0.09999999999999998	-0.09999999999999998	-0.10000000000000009	0.09999999999999998	0.0	-0.20000000000000007	-0.10000000000000009	0.0	-0.10000000000000009	0.0	-0.10000000000000009	0.09999999999999998	0.0	0.09999999999999998	0.0	0.09999999999999998	0.0	0.0	0.0	0.0	0.0	0.0	0.0	0.0	0.0	0.0	0.0	0.0	-0.09999999999999998	-0.09999999999999998	0.0	0.09999999999999998	0.09999999999999998	0.0	0.0	0.0	-0.09999999999999998	0.0	0.0	0.0	0.09999999999999998	0.0	0.0	0.0	0.0	0.0	0.0	0.0	0.0	0.0	0.0	0.0	0.0	-0.09999999999999998	0.0	-0.09999999999999998	0.0	0.0	0.09999999999999998	0.0	0.0	0.0	0.0	0.0	0.0	0.0	0.0
mito_Thr-TAG	0.0	0.0	0.0	0.0	0.0	0.0	0.0	0.0	0.0	0.0	0.09999999999999998	0.0	0.0	0.0	0.0	-0.09999999999999998	0.0	0.0	0.0	0.09999999999999998	0.0	0.0	-0.20000000000000007	0.09999999999999998	0.0	0.0	0.0	0.0	-0.09999999999999998	-0.09999999999999998	0.0	0.0	0.0	0.0	0.0	0.0	0.0	0.0	0.0	0.0	0.0	0.0	0.0	0.0	0.0	0.0	0.0	0.0	0.0	0.0	0.0	0.0	0.0	0.0	0.0	0.0	0.0	0.0	0.0	0.0	0.0	0.0	0.0	0.011111111111111183	0.011111111111111183	0.0	0.011111111111111183	0.011111111111111183	0.011111111111111183	0.011111111111111183	-0.09999999999999998	-0.09999999999999998	0.011111111111111183	0.11111111111111116	0.11111111111111116															
mito_Thr-TGT	0.0	0.0	-0.25	-0.25	0.0	0.25	0.25	0.0	0.0	0.0	0.0	0.125	-0.125	0.0	0.0	0.0	0.0	0.0	0.0	0.0	0.0	0.0	0.0	0.0	0.0	0.0	0.125	-0.125	0.0	-0.125	-0.125	0.0	0.0	0.0	0.0	0.0	0.0	0.0	0.0	-0.125	0.0	0.125	0.0	-0.125	0.0	-0.125	0.125	0.0	-0.125	0.0	0.0	0.0	0.0	0.0	0.0	0.0	0.0	0.0	0.0	0.0	0.0	0.0	0.0	0.0	0.0	0.0	0.0	0.0	0.0	0.125	-0.125	0.0	0.0	0.0	0.0	0.0														
mito_Trp-TCA	0.0	0.0	0.0	0.0	0.0	0.0	0.0	0.0	0.0	0.0	0.0	0.0	0.0	-0.11111111111111116	0.0	0.11111111111111116	0.11111111111111105	-0.2222222222222222	-0.11111111111111105	0.11111111111111105	0.0	0.0	0.0	0.0	0.0	0.0	0.0	0.0	0.0	0.0	0.0	0.0	0.0	0.0	0.0	0.0	0.0	0.0	0.0	0.0	-0.11111111111111105	0.0	0.0	0.11111111111111116	0.0	0.0	0.0	0.0	0.0	0.0	0.0	0.0	0.0	0.0	0.0	0.0	0.0	0.0	0.0	0.0	0.0	0.0	0.0	0.0	0.0	0.0	0.0	0.0	0.0	0.0	0.0	0.0	0.0	0.0																
mito_Tyr-GTA	0.0	0.0	0.0	0.0	0.0	0.0	0.0	0.0	0.0	0.0	0.0	0.0	0.0	0.0	0.0	0.0	0.0	0.0	0.0	0.0	0.0	0.0	0.0	0.0	0.0	0.0	-0.09999999999999998	0.0	0.09999999999999998	0.0	0.0	0.0	0.0	0.0	0.0	0.0	0.0	0.0	0.0	0.0	0.0	0.0	0.0	0.0	0.0	0.0	0.0	0.0	0.0	0.0	0.10000000000000009	-0.09999999999999998	0.0	0.0	-0.09999999999999998	0.0	0.0	0.0	0.0	0.0	0.0	0.0	0.0	0.0	0.0	0.0	0.0	0.0	0.0	0.0	0.0	0.0	0.0	0.0	0.0	0.0	0.0	0.0	0.0	0.0	0.0	0.0	0.0	0.0	0.0	0.0	0.0	0.0		
mito_Val-TAC	0.0	0.0	0.0	0.0	0.0	0.0	0.0	0.0	0.0	0.0	0.0	0.0	0.0	0.10000000000000009	-0.10000000000000009	-0.10000000000000009	0.0	0.0	0.0	0.10000000000000009	0.0	0.0	0.0	0.0	0.0	0.0	0.0	0.0	0.0	0.0	-0.09999999999999998	0.09999999999999998	0.09999999999999998	-0.09999999999999998	0.0	0.0	0.0	0.0	0.0	0.0	0.0	-0.09999999999999998	0.0	0.09999999999999998	0.0	0.0	0.0	0.0	0.0	0.0	0.0	0.0	0.0	0.0	0.0	0.0	0.0	0.0	0.0	0.0	0.0	0.0	0.0	0.0	0.0	0.0	0.0	0.0	0.0	-0.09999999999999998	-0.09999999999999998	-0.09999999999999998	-0.09999999999999998	-0.09999999999999998	-0.09999999999999998	0.011111111111111183														
