tRNA,Aligner,N_reads,Identity_mean,Identity_std,Identity_25th,Identity_median,Identity_75th,AlignLen_mean,AlignLen_median,RefLen,Prop_match,Prop_mismatch,Prop_insertion,Prop_deletion
tRNA-Ala-AGC-1-1,BWA,10,0.8301,0.0355,0.8148,0.8333,0.8436,76.0000,76.0000,76.0000,0.8301,0.0986,0.0143,0.0571
tRNA-Ala-AGC-1-1,Zap,10,0.8326,0.0354,0.8148,0.8344,0.8436,76.0000,76.0000,76.0000,0.8325,0.0838,0.0206,0.0631
tRNA-Ala-TGC-1-1,BWA,10,0.8229,0.0411,0.7948,0.8129,0.8530,76.0000,76.0000,76.0000,0.8228,0.0931,0.0168,0.0673
tRNA-Ala-TGC-1-1,Zap,10,0.8246,0.0405,0.7948,0.8193,0.8544,76.0000,76.0000,76.0000,0.8245,0.0865,0.0194,0.0697
tRNA-Arg-ACG-1-1,BWA,20,0.8089,0.0271,0.7987,0.8127,0.8289,76.0000,76.0000,76.0000,0.8089,0.1212,0.0250,0.0449
tRNA-Arg-ACG-1-1,Zap,10,0.8082,0.0260,0.7912,0.8092,0.8289,76.0000,76.0000,76.0000,0.8080,0.1211,0.0206,0.0503
tRNA-Arg-ACG-2-1,Zap,10,0.8247,0.0259,0.8151,0.8258,0.8404,76.0000,76.0000,76.0000,0.8247,0.0915,0.0343,0.0496
tRNA-Arg-CCG-1-1,BWA,9,0.8343,0.0415,0.8077,0.8289,0.8800,75.0000,75.0000,75.0000,0.8338,0.0860,0.0160,0.0641
tRNA-Arg-CCG-1-1,Zap,9,0.8333,0.0437,0.8077,0.8289,0.8701,75.0000,75.0000,75.0000,0.8328,0.0799,0.0189,0.0683
tRNA-Arg-CCT-1-1,BWA,9,0.8491,0.0407,0.8052,0.8571,0.8800,75.0000,75.0000,75.0000,0.8492,0.0586,0.0117,0.0805
tRNA-Arg-CCT-1-1,Zap,9,0.8492,0.0394,0.8052,0.8571,0.8800,74.7778,75.0000,75.0000,0.8494,0.0512,0.0161,0.0833
tRNA-Arg-TCT-1-1,BWA,9,0.7944,0.0296,0.7792,0.7867,0.7922,75.0000,75.0000,75.0000,0.7945,0.0918,0.0160,0.0977
tRNA-Arg-TCT-1-1,Zap,10,0.7935,0.0306,0.7748,0.7871,0.7915,75.0000,75.0000,75.0000,0.7935,0.0837,0.0196,0.1033
tRNA-Asn-GTT-1-1,BWA,10,0.7941,0.0300,0.7685,0.7890,0.8046,77.0000,77.0000,77.0000,0.7935,0.1057,0.0423,0.0585
tRNA-Asn-GTT-1-1,Zap,10,0.7943,0.0298,0.7697,0.7890,0.8046,77.0000,77.0000,77.0000,0.7938,0.1031,0.0435,0.0596
tRNA-Asp-GTC-1-1,BWA,20,0.8403,0.0523,0.7981,0.8619,0.8804,75.0000,75.0000,75.0000,0.8396,0.0961,0.0260,0.0383
tRNA-Asp-GTC-1-1,Zap,10,0.8777,0.0305,0.8675,0.8759,0.8918,75.0000,75.0000,75.0000,0.8773,0.0757,0.0209,0.0261
tRNA-Asp-GTC-2-1,Zap,10,0.8141,0.0434,0.7825,0.8000,0.8289,74.0000,74.0000,74.0000,0.8136,0.0952,0.0352,0.0561
tRNA-Cys-GCA-1-1,BWA,10,0.8511,0.0606,0.8090,0.8280,0.8910,75.0000,75.0000,75.0000,0.8506,0.0883,0.0260,0.0351
tRNA-Cys-GCA-1-1,Zap,10,0.8490,0.0640,0.8090,0.8301,0.8910,75.0000,75.0000,75.0000,0.8484,0.0829,0.0285,0.0402
tRNA-Gln-CTG-1-1,BWA,8,0.7808,0.0240,0.7692,0.7727,0.7829,75.0000,75.0000,75.0000,0.7808,0.1429,0.0260,0.0503
tRNA-Gln-CTG-1-1,Zap,1,0.8333,0.0000,0.8333,0.8333,0.8333,75.0000,75.0000,75.0000,0.8333,0.0897,0.0385,0.0385
tRNA-Gln-TTG-1-1,BWA,18,0.7907,0.0332,0.7639,0.7771,0.8133,75.0000,75.0000,75.0000,0.7907,0.1240,0.0323,0.0530
tRNA-Gln-TTG-1-1,Zap,9,0.8082,0.0336,0.7722,0.8133,0.8235,75.0000,75.0000,75.0000,0.8083,0.0873,0.0343,0.0701
tRNA-Gln-TTG-2-1,Zap,15,0.7805,0.0205,0.7649,0.7805,0.7935,61.8667,75.0000,75.0000,0.7823,0.1229,0.0333,0.0615
tRNA-Gln-TTG-3-1,Zap,9,0.7795,0.0253,0.7595,0.7821,0.7927,75.0000,75.0000,75.0000,0.7793,0.1231,0.0453,0.0523
tRNA-Glu-CTC-1-1,BWA,10,0.8727,0.0376,0.8667,0.8751,0.9033,75.0000,75.0000,75.0000,0.8727,0.0279,0.0053,0.0942
tRNA-Glu-CTC-1-1,Zap,10,0.8744,0.0435,0.8700,0.8867,0.9033,75.0000,75.0000,75.0000,0.8740,0.0239,0.0053,0.0968
tRNA-Glu-TTC-1-1,BWA,18,0.8515,0.0479,0.8221,0.8467,0.8839,75.0000,75.0000,75.0000,0.8515,0.0625,0.0074,0.0787
tRNA-Glu-TTC-1-1,Zap,10,0.8708,0.0470,0.8333,0.8809,0.9067,75.0000,75.0000,75.0000,0.8708,0.0613,0.0013,0.0666
tRNA-Glu-TTC-2-1,Zap,9,0.8313,0.0460,0.7867,0.8400,0.8533,75.0000,75.0000,75.0000,0.8316,0.0586,0.0117,0.0981
tRNA-Gly-CCC-1-1,BWA,20,0.8261,0.0432,0.7895,0.8152,0.8671,74.3500,75.0000,75.0000,0.8263,0.0799,0.0256,0.0682
tRNA-Gly-CCC-1-1,Zap,10,0.8599,0.0302,0.8400,0.8675,0.8746,75.0000,75.0000,75.0000,0.8599,0.0532,0.0272,0.0597
tRNA-Gly-CCC-2-1,Zap,10,0.8152,0.0306,0.8039,0.8271,0.8289,75.0000,75.0000,75.0000,0.8153,0.0650,0.0247,0.0949
tRNA-Gly-GCC-1-1,BWA,10,0.8416,0.0372,0.8161,0.8475,0.8750,74.0000,74.0000,74.0000,0.8413,0.0973,0.0133,0.0480
tRNA-Gly-GCC-1-1,Zap,10,0.8435,0.0355,0.8249,0.8475,0.8750,74.0000,74.0000,74.0000,0.8431,0.0904,0.0160,0.0505
tRNA-Gly-TCC-1-1,BWA,10,0.8437,0.0411,0.8103,0.8421,0.8875,75.0000,75.0000,75.0000,0.8433,0.0783,0.0209,0.0574
tRNA-Gly-TCC-1-1,Zap,10,0.8423,0.0439,0.8086,0.8421,0.8871,75.0000,75.0000,75.0000,0.8423,0.0828,0.0145,0.0604
tRNA-His-GTG-1-1,BWA,10,0.8479,0.0413,0.8105,0.8573,0.8714,75.0000,75.0000,75.0000,0.8477,0.0755,0.0234,0.0534
tRNA-His-GTG-1-1,Zap,10,0.8484,0.0406,0.8105,0.8573,0.8714,75.0000,75.0000,75.0000,0.8481,0.0701,0.0260,0.0558
tRNA-Ile-AAT-1-1,BWA,10,0.7910,0.0179,0.7827,0.7875,0.7994,77.0000,77.0000,77.0000,0.7910,0.1064,0.0363,0.0663
tRNA-Ile-AAT-1-1,Zap,10,0.7915,0.0182,0.7848,0.7888,0.8012,77.0000,77.0000,77.0000,0.7915,0.1011,0.0387,0.0687
tRNA-Ile-TAT-1-1,BWA,18,0.7828,0.0235,0.7637,0.7792,0.7993,74.1667,76.0000,76.0000,0.7819,0.1142,0.0162,0.0877
tRNA-Ile-TAT-1-1,Zap,9,0.7824,0.0262,0.7625,0.7763,0.7895,76.0000,76.0000,76.0000,0.7821,0.1154,0.0256,0.0769
tRNA-Ile-TAT-2-1,Zap,10,0.7973,0.0400,0.7761,0.7895,0.8046,71.5000,76.0000,76.0000,0.7903,0.0966,0.0138,0.0993
tRNA-Leu-CAA-1-1,Zap,10,0.8414,0.0288,0.8303,0.8436,0.8569,85.0000,85.0000,85.0000,0.8412,0.0890,0.0428,0.0270
tRNA-Leu-GAG-1-1,BWA,8,0.7905,0.0226,0.7719,0.7855,0.7988,81.7500,85.0000,85.0000,0.7906,0.1150,0.0354,0.0590
tRNA-Leu-GAG-1-1,Zap,8,0.7892,0.0234,0.7711,0.7808,0.7988,82.0000,85.0000,85.0000,0.7898,0.1066,0.0423,0.0613
tRNA-Leu-TAA-1-1,BWA,8,0.8042,0.0356,0.7837,0.7988,0.8215,87.0000,87.0000,87.0000,0.8033,0.1018,0.0426,0.0523
tRNA-Leu-TAA-1-1,Zap,8,0.8073,0.0338,0.7867,0.7988,0.8260,87.0000,87.0000,87.0000,0.8065,0.0845,0.0518,0.0572
tRNA-Leu-TAG-1-1,BWA,7,0.7964,0.0182,0.7783,0.7955,0.8136,85.0000,85.0000,85.0000,0.7964,0.1115,0.0388,0.0533
tRNA-Leu-TAG-1-1,Zap,7,0.7964,0.0182,0.7783,0.7955,0.8136,85.0000,85.0000,85.0000,0.7964,0.1163,0.0388,0.0485
tRNA-Lys-CTT-1-1,BWA,10,0.7911,0.0234,0.7688,0.7922,0.8144,76.0000,76.0000,76.0000,0.7912,0.1128,0.0143,0.0817
tRNA-Lys-CTT-1-1,Zap,10,0.7930,0.0225,0.7710,0.7962,0.8144,76.0000,76.0000,76.0000,0.7931,0.0938,0.0231,0.0900
tRNA-Lys-TTT-1-1,BWA,10,0.7647,0.0100,0.7572,0.7662,0.7678,76.0000,76.0000,76.0000,0.7648,0.1285,0.0231,0.0835
tRNA-Lys-TTT-1-1,Zap,10,0.7672,0.0097,0.7634,0.7688,0.7714,76.0000,76.0000,76.0000,0.7673,0.1151,0.0281,0.0895
tRNA-Met-CAT-1-1,BWA,10,0.7992,0.0247,0.7796,0.8039,0.8184,76.0000,76.0000,76.0000,0.7992,0.1205,0.0155,0.0648
tRNA-Met-CAT-1-1,Zap,10,0.8024,0.0220,0.7818,0.8039,0.8217,76.0000,76.0000,76.0000,0.8026,0.1084,0.0194,0.0697
tRNA-Phe-GAA-1-1,BWA,16,0.7866,0.0240,0.7692,0.7792,0.8013,76.0000,76.0000,76.0000,0.7865,0.1317,0.0349,0.0468
tRNA-Phe-GAA-1-1,Zap,9,0.7772,0.0210,0.7683,0.7711,0.7792,76.0000,76.0000,76.0000,0.7772,0.1100,0.0474,0.0655
tRNA-Phe-GAA-2-1,Zap,10,0.8063,0.0327,0.7772,0.8000,0.8291,76.0000,76.0000,76.0000,0.8064,0.1231,0.0256,0.0449
tRNA-Pro-AGG-1-1,BWA,8,0.8286,0.0402,0.7992,0.8140,0.8517,75.0000,75.0000,75.0000,0.8291,0.0799,0.0415,0.0495
tRNA-Pro-AGG-1-1,Zap,8,0.8319,0.0376,0.8045,0.8181,0.8517,75.0000,75.0000,75.0000,0.8323,0.0767,0.0415,0.0495
tRNA-Pro-TGG-1-1,BWA,14,0.7777,0.0224,0.7579,0.7763,0.7895,75.0000,75.0000,75.0000,0.7777,0.1181,0.0314,0.0729
tRNA-Pro-TGG-1-1,Zap,7,0.7786,0.0178,0.7650,0.7821,0.7913,73.8571,75.0000,75.0000,0.7792,0.1187,0.0408,0.0612
tRNA-Pro-TGG-2-1,Zap,8,0.7915,0.0277,0.7678,0.7843,0.7993,75.0000,75.0000,75.0000,0.7913,0.0939,0.0291,0.0858
tRNA-Ser-AGA-1-1,BWA,17,0.8068,0.0334,0.7826,0.8111,0.8372,83.5882,85.0000,85.0000,0.8074,0.1061,0.0399,0.0466
tRNA-Ser-AGA-1-1,Zap,12,0.8133,0.0328,0.7934,0.8121,0.8395,85.0000,85.0000,85.0000,0.8131,0.0873,0.0423,0.0573
tRNA-Ser-AGA-2-1,Zap,5,0.7890,0.0315,0.7667,0.7742,0.8111,81.2000,86.0000,86.0000,0.7906,0.1224,0.0447,0.0424
tRNA-Ser-CGA-1-1,BWA,9,0.7894,0.0211,0.7742,0.7816,0.8118,85.0000,85.0000,85.0000,0.7893,0.1379,0.0230,0.0498
tRNA-Ser-CGA-1-1,Zap,9,0.7853,0.0231,0.7727,0.7816,0.8023,85.0000,85.0000,85.0000,0.7851,0.1416,0.0329,0.0405
tRNA-Ser-GCT-1-1,BWA,4,0.8658,0.0406,0.8366,0.8648,0.8939,85.0000,85.0000,85.0000,0.8652,0.0730,0.0449,0.0169
tRNA-Ser-GCT-1-1,Zap,13,0.8179,0.0481,0.7895,0.8095,0.8462,77.3846,85.0000,85.0000,0.8217,0.0782,0.0410,0.0591
tRNA-Ser-TGA-1-1,BWA,8,0.8331,0.0354,0.8017,0.8343,0.8568,85.0000,85.0000,85.0000,0.8331,0.0999,0.0300,0.0371
tRNA-Ser-TGA-1-1,Zap,10,0.8248,0.0363,0.8006,0.8169,0.8514,85.0000,85.0000,85.0000,0.8249,0.0915,0.0275,0.0561
tRNA-Thr-AGT-1-1,BWA,10,0.7730,0.0331,0.7532,0.7644,0.7743,76.0000,76.0000,76.0000,0.7728,0.1258,0.0244,0.0770
tRNA-Thr-AGT-1-1,Zap,10,0.7714,0.0339,0.7532,0.7579,0.7745,76.0000,76.0000,76.0000,0.7710,0.1183,0.0331,0.0776
tRNA-Thr-CGT-1-1,BWA,8,0.7925,0.0282,0.7733,0.7806,0.7972,75.0000,75.0000,75.0000,0.7928,0.1158,0.0212,0.0701
tRNA-Thr-CGT-1-1,Zap,8,0.7963,0.0272,0.7777,0.7858,0.8004,75.0000,75.0000,75.0000,0.7967,0.1024,0.0244,0.0764
tRNA-Thr-TGT-1-1,BWA,8,0.7905,0.0345,0.7591,0.7846,0.8106,75.0000,75.0000,75.0000,0.7902,0.1230,0.0164,0.0705
tRNA-Thr-TGT-1-1,Zap,5,0.7878,0.0362,0.7600,0.7692,0.8000,75.0000,75.0000,75.0000,0.7874,0.1076,0.0157,0.0892
tRNA-Thr-TGT-2-1,Zap,7,0.7763,0.0290,0.7582,0.7600,0.7854,75.0000,75.0000,75.0000,0.7765,0.0931,0.0223,0.1080
tRNA-Trp-CCA-1-1,BWA,6,0.7697,0.0207,0.7573,0.7631,0.7707,75.0000,75.0000,75.0000,0.7696,0.1261,0.0217,0.0826
tRNA-Trp-CCA-1-1,Zap,7,0.7763,0.0253,0.7566,0.7692,0.7927,69.7143,75.0000,75.0000,0.7731,0.1285,0.0201,0.0783
tRNA-Tyr-GTA-1-1,BWA,9,0.7730,0.0194,0.7564,0.7674,0.7750,78.0000,78.0000,78.0000,0.7729,0.1218,0.0397,0.0657
tRNA-Tyr-GTA-1-1,Zap,9,0.7737,0.0192,0.7564,0.7674,0.7778,78.0000,78.0000,78.0000,0.7735,0.1160,0.0423,0.0682
tRNA-Und-NNN-1-1,BWA,15,0.8070,0.0303,0.7847,0.8043,0.8313,67.9333,84.0000,84.0000,0.8064,0.0889,0.0468,0.0580
tRNA-Und-NNN-1-1,Zap,5,0.8052,0.0339,0.7727,0.8140,0.8293,45.2000,42.0000,84.0000,0.8000,0.0750,0.0583,0.0667
tRNA-Val-AAC-1-1,BWA,18,0.7916,0.0273,0.7792,0.7813,0.8143,76.2222,77.0000,77.0000,0.7913,0.1126,0.0094,0.0866
tRNA-Val-AAC-1-1,Zap,10,0.7821,0.0233,0.7612,0.7799,0.7942,75.9000,77.0000,77.0000,0.7815,0.1066,0.0130,0.0988
tRNA-Val-AAC-2-1,Zap,10,0.7996,0.0318,0.7825,0.7935,0.8253,77.0000,77.0000,77.0000,0.7997,0.0873,0.0116,0.1014
tRNA-Val-CAC-1-1,BWA,9,0.8052,0.0337,0.7792,0.7975,0.8333,76.0000,76.0000,76.0000,0.8052,0.1053,0.0130,0.0765
tRNA-Val-CAC-1-1,Zap,9,0.8069,0.0325,0.7792,0.7975,0.8333,76.0000,76.0000,76.0000,0.8069,0.1009,0.0144,0.0778
tRNA-Val-TAC-1-1,BWA,10,0.8148,0.0351,0.7802,0.8205,0.8423,77.0000,77.0000,77.0000,0.8144,0.0960,0.0278,0.0619
tRNA-Val-TAC-1-1,Zap,10,0.8150,0.0354,0.7802,0.8205,0.8423,77.0000,77.0000,77.0000,0.8146,0.0933,0.0290,0.0631
tRNA-iMet-CAT-1-1,BWA,6,0.8119,0.0538,0.7751,0.7843,0.8436,74.3333,75.0000,75.0000,0.8122,0.1114,0.0262,0.0502
tRNA-iMet-CAT-1-1,Zap,6,0.8112,0.0553,0.7694,0.7843,0.8462,74.6667,75.0000,75.0000,0.8117,0.1039,0.0303,0.0541
mito_Ala-TCG,BWA,10,0.8774,0.0481,0.8562,0.8675,0.8968,74.4000,76.0000,76.0000,0.8777,0.0731,0.0106,0.0386
mito_Ala-TCG,Zap,10,0.8774,0.0481,0.8562,0.8675,0.8968,74.4000,76.0000,76.0000,0.8777,0.0731,0.0106,0.0386
mito_Arg-ACG,BWA,10,0.8940,0.0576,0.8428,0.9095,0.9296,74.0000,74.0000,74.0000,0.8934,0.0447,0.0263,0.0355
mito_Arg-ACG,Zap,10,0.8900,0.0582,0.8362,0.8926,0.9296,72.1000,74.0000,74.0000,0.8896,0.0390,0.0296,0.0417
mito_Arg-NCT,BWA,10,0.8694,0.0274,0.8517,0.8767,0.8839,76.0000,76.0000,76.0000,0.8692,0.0505,0.0155,0.0648
mito_Arg-NCT,Zap,10,0.8700,0.0264,0.8517,0.8775,0.8839,76.0000,76.0000,76.0000,0.8697,0.0426,0.0194,0.0684
mito_Asp-GTC,BWA,10,0.8911,0.0395,0.8600,0.8808,0.9184,75.0000,75.0000,75.0000,0.8909,0.0486,0.0145,0.0460
mito_Asp-GTC,Zap,10,0.8911,0.0395,0.8600,0.8808,0.9184,75.0000,75.0000,75.0000,0.8909,0.0486,0.0145,0.0460
mito_Asn-GTT,BWA,10,0.8692,0.0510,0.8372,0.8709,0.9175,72.1000,75.0000,75.0000,0.8689,0.0703,0.0257,0.0351
mito_Asn-GTT,Zap,10,0.8707,0.0514,0.8388,0.8773,0.9175,72.1000,75.0000,75.0000,0.8704,0.0661,0.0270,0.0364
mito_Cys-GCA,BWA,7,0.8225,0.0376,0.7987,0.8182,0.8461,73.0000,76.0000,76.0000,0.8227,0.0886,0.0154,0.0732
mito_Cys-GCA,Zap,9,0.8295,0.0481,0.7887,0.8182,0.8481,68.7778,76.0000,76.0000,0.8248,0.0908,0.0143,0.0701
mito_Gln-TTG,BWA,9,0.8539,0.0485,0.8182,0.8659,0.8831,76.0000,76.0000,76.0000,0.8537,0.0646,0.0187,0.0631
mito_Gln-TTG,Zap,10,0.8523,0.0448,0.8189,0.8474,0.8831,75.1000,76.0000,76.0000,0.8527,0.0626,0.0209,0.0639
mito_Glu-TTC,BWA,10,0.8440,0.0495,0.8117,0.8367,0.8952,75.0000,75.0000,75.0000,0.8440,0.0682,0.0170,0.0708
mito_Glu-TTC,Zap,10,0.8431,0.0482,0.8122,0.8367,0.8873,75.0000,75.0000,75.0000,0.8433,0.0640,0.0209,0.0718
mito_Gly-TCC,BWA,10,0.8794,0.0406,0.8629,0.8882,0.9137,75.0000,75.0000,75.0000,0.8789,0.0803,0.0132,0.0276
mito_Gly-TCC,Zap,10,0.8796,0.0405,0.8642,0.8882,0.9137,75.0000,75.0000,75.0000,0.8791,0.0736,0.0145,0.0329
mito_His-GTG,BWA,10,0.8723,0.0225,0.8562,0.8675,0.8893,74.0000,74.0000,74.0000,0.8722,0.0706,0.0146,0.0426
mito_His-GTG,Zap,10,0.8724,0.0226,0.8562,0.8675,0.8897,74.0000,74.0000,74.0000,0.8723,0.0678,0.0160,0.0439
mito_Ile-GAT,BWA,9,0.8699,0.0431,0.8289,0.8718,0.9103,76.0000,76.0000,76.0000,0.8701,0.0765,0.0130,0.0404
mito_Ile-GAT,Zap,9,0.8714,0.0415,0.8312,0.8718,0.9103,76.0000,76.0000,76.0000,0.8716,0.0750,0.0130,0.0404
mito_Leu-TAA,BWA,10,0.8218,0.0442,0.8011,0.8285,0.8551,85.0000,85.0000,85.0000,0.8213,0.0882,0.0263,0.0641
mito_Leu-TAA,Zap,9,0.8290,0.0399,0.8000,0.8315,0.8605,85.0000,85.0000,85.0000,0.8289,0.0830,0.0230,0.0651
mito_Lys-TTT,BWA,9,0.8334,0.0423,0.7922,0.8421,0.8571,75.0000,75.0000,75.0000,0.8328,0.0785,0.0189,0.0698
mito_Lys-TTT,Zap,9,0.8335,0.0428,0.7922,0.8421,0.8571,75.0000,75.0000,75.0000,0.8331,0.0755,0.0203,0.0711
mito_iMet-CAT,BWA,10,0.9008,0.0264,0.8852,0.9044,0.9218,76.0000,76.0000,76.0000,0.9008,0.0606,0.0206,0.0180
mito_iMet-CAT,Zap,10,0.9012,0.0256,0.8852,0.9044,0.9218,76.0000,76.0000,76.0000,0.9010,0.0553,0.0231,0.0206
mito_Met-CAT,BWA,10,0.8180,0.0460,0.7922,0.8035,0.8506,77.0000,77.0000,77.0000,0.8181,0.1019,0.0065,0.0735
mito_Met-CAT,Zap,9,0.8294,0.0410,0.8052,0.8171,0.8571,77.0000,77.0000,77.0000,0.8295,0.0810,0.0156,0.0739
mito_Phe-GAA,BWA,10,0.8409,0.0258,0.8223,0.8387,0.8641,75.0000,75.0000,75.0000,0.8406,0.0867,0.0434,0.0293
mito_Phe-GAA,Zap,10,0.8406,0.0259,0.8233,0.8332,0.8654,75.0000,75.0000,75.0000,0.8403,0.0760,0.0494,0.0342
mito_Pro-TGG,BWA,10,0.8597,0.0397,0.8295,0.8579,0.8908,75.0000,75.0000,75.0000,0.8594,0.0690,0.0234,0.0482
mito_Pro-TGG,Zap,10,0.8597,0.0397,0.8295,0.8579,0.8908,75.0000,75.0000,75.0000,0.8594,0.0690,0.0234,0.0482
mito_Ser-GCT,BWA,10,0.9169,0.0635,0.8690,0.9284,0.9769,86.0000,86.0000,86.0000,0.9167,0.0331,0.0183,0.0320
mito_Ser-GCT,Zap,10,0.9171,0.0633,0.8690,0.9284,0.9769,86.0000,86.0000,86.0000,0.9168,0.0308,0.0194,0.0331
mito_Ser-TGA,BWA,10,0.8574,0.0265,0.8346,0.8541,0.8764,90.0000,90.0000,90.0000,0.8573,0.0692,0.0270,0.0465
mito_Ser-TGA,Zap,10,0.8598,0.0247,0.8378,0.8557,0.8764,90.0000,90.0000,90.0000,0.8598,0.0626,0.0291,0.0485
mito_Thr-TAG,BWA,10,0.8383,0.0504,0.8039,0.8278,0.8605,75.0000,75.0000,75.0000,0.8382,0.0961,0.0132,0.0526
mito_Thr-TAG,Zap,10,0.8359,0.0496,0.8039,0.8278,0.8443,73.7000,75.0000,75.0000,0.8358,0.0961,0.0160,0.0521
mito_Thr-TGT,BWA,8,0.8290,0.0340,0.8125,0.8268,0.8461,76.0000,76.0000,76.0000,0.8290,0.0984,0.0194,0.0532
mito_Thr-TGT,Zap,8,0.8288,0.0317,0.8131,0.8278,0.8448,76.0000,76.0000,76.0000,0.8288,0.0880,0.0272,0.0560
mito_Trp-TCA,BWA,9,0.8518,0.0257,0.8421,0.8553,0.8784,74.0000,74.0000,74.0000,0.8519,0.0874,0.0133,0.0474
mito_Trp-TCA,Zap,9,0.8521,0.0253,0.8421,0.8553,0.8784,74.0000,74.0000,74.0000,0.8521,0.0843,0.0148,0.0488
mito_Tyr-GTA,BWA,10,0.8937,0.0357,0.8596,0.8994,0.9206,88.0000,88.0000,88.0000,0.8934,0.0407,0.0330,0.0330
mito_Tyr-GTA,Zap,10,0.8938,0.0355,0.8596,0.8994,0.9206,88.0000,88.0000,88.0000,0.8935,0.0384,0.0340,0.0340
mito_Val-TAC,BWA,10,0.8454,0.0452,0.8164,0.8451,0.8839,76.0000,76.0000,76.0000,0.8448,0.0699,0.0168,0.0686
mito_Val-TAC,Zap,10,0.8513,0.0376,0.8164,0.8514,0.8839,75.4000,76.0000,76.0000,0.8514,0.0717,0.0169,0.0600
All_tRNAs,BWA,698,0.8269,0.0517,0.7821,0.8182,0.8667,76.6189,76.0000,77.3788,0.8267,0.0922,0.0234,0.0577
All_tRNAs,Zap,732,0.8275,0.0512,0.7848,0.8228,0.8649,76.1817,76.0000,77.3038,0.8275,0.0851,0.0261,0.0613
