	0	1	2	3	4	5	6	7	8	9	10	11	12	13	14	15	16	17	18	19	20	21	22	23	24	25	26	27	28	29	30	31	32	33	34	35	36	37	38	39	40	41	42	43	44	45	46	47	48	49	50	51	52	53	54	55	56	57	58	59	60	61	62	63	64	65	66	67	68	69	70	71	72	73	74	75	76	77	78	79	80	81	82	83	84	85	86	87	88	89	90	91	92	93	94	95	96
tRNA-Ala-GGC-1-1	0.0	0.0	0.0	0.0	0.0	0.0	0.0	0.0	0.0	0.0	0.0	0.0	0.0	0.0	0.0	0.0	0.0	0.0	0.0	0.0	0.0	0.0	0.0	0.0	0.0	0.0	0.0	0.0	0.0	0.0	0.0	0.0	0.0	0.0	0.0	0.0	0.0	0.0	0.0	0.0	0.0	0.0	0.0	0.0	0.09999999999999998	-0.09999999999999998	-0.09999999999999998	0.0	0.0	0.0	0.0	0.0	0.0	0.0	0.0	0.0	0.0	0.0	0.0	0.0	0.0	0.0	0.0	0.0	0.0	0.0	0.0	0.0	0.0	0.0	0.0	0.0	0.0	0.0	0.0	0.0																					
tRNA-Ala-TGC-1-1	0.0	0.0	0.0	0.0	0.0	0.0	0.0	0.0	0.0	0.0	0.0	0.0	0.0	0.0	0.0	0.0	0.0	0.0	0.0	0.0	0.0	0.0	0.0	0.0	0.0	0.0	0.0	0.0	0.0	0.0	0.0	0.0	0.033333333333333215	-0.05555555555555558	-0.12222222222222223	-0.033333333333333326	0.16666666666666663	-0.11111111111111116	0.06666666666666665	0.0	-0.11111111111111116	0.0	0.0	0.11111111111111105	0.0	0.0	-0.09722222222222221	-0.09722222222222221	0.02777777777777779	0.0	0.0	0.0	0.0	0.0	0.0	0.0	0.0	0.0	0.0	0.0	0.0	0.0	0.0	0.0	0.0	0.0	0.0	0.0	0.0	0.0	0.0	0.0	0.0	0.0	0.0	0.0																					
tRNA-Arg-ACG-1-1	0.0	0.0	0.0	0.0	0.0	0.0	0.0	0.0	0.0	0.0	0.0	0.0	0.0	0.0	0.0	0.0	0.0	0.10000000000000009	-0.09999999999999998	0.0	0.0	0.0	0.0	0.0	0.0	0.09999999999999998	0.0	-0.09999999999999998	-0.09999999999999998	0.10000000000000009	0.10000000000000009	-0.09999999999999998	0.0	0.0	0.10000000000000009	-0.09999999999999998	-0.09999999999999998	0.0	0.0	0.0	0.0	0.0	0.0	0.0	0.0	0.0	0.0	0.0	0.0	0.0	0.0	0.0	0.0	0.0	0.0	0.0	0.0	0.0	0.0	0.0	0.0	0.0	0.0	0.0	0.0	0.0	0.0	0.0	0.0	0.0	0.0	0.0	0.0	0.0	0.0	0.0	0.0																				
tRNA-Arg-CCG-1-1	0.0	0.0	0.0	0.0	0.0	0.0	0.0	0.10000000000000009	-0.09999999999999998	0.0	0.0	0.0	0.0	0.0	0.0	0.0	0.0	0.0	0.0	0.0	0.0	0.0	0.0	0.0	0.0	0.0	0.0	0.0	0.0	-0.09999999999999998	0.0	0.0	-0.20000000000000007	0.0	0.20000000000000007	0.0	0.0	0.0	0.0	0.0	0.0	0.0	0.0	0.0	0.0	0.0	0.0	0.0	0.0	0.0	0.0	0.0	0.0	0.0	0.0	0.0	0.0	0.0	0.0	0.0	0.0	0.0	0.0	0.0	0.0	0.0	0.0	0.0	0.0	0.0	0.0	0.0	0.0	0.0	0.0	0.0	0.0																				
tRNA-Arg-CCT-1-1	0.0	0.0	0.0	0.0	0.0	0.0	0.0	0.0	0.0	0.0	0.0	0.0	0.0	0.0	0.0	0.0	0.0	0.0	0.0	0.0	0.0	0.0	0.0	0.0	0.0	0.09999999999999998	0.0	-0.09999999999999998	0.10000000000000009	0.0	-0.09999999999999998	-0.30000000000000004	-0.10000000000000009	0.30000000000000004	0.0	0.09999999999999998	0.0	0.0	0.0	0.09999999999999998	-0.09999999999999998	0.0	0.0	0.09999999999999998	-0.09999999999999998	0.0	0.0	0.0	0.0	0.0	0.0	0.0	0.09999999999999998	-0.09999999999999998	0.0	0.0	0.0	0.0	0.0	0.0	0.0	0.0	0.0	0.0	0.0	0.0	0.0	0.0	0.0	0.0	0.0	0.0	0.0	0.0	0.0																						
tRNA-Arg-TCT-1-1	0.0	0.0	0.0	0.0	0.0	0.0	0.0	0.0	0.0	0.0	0.0	0.0	0.0	0.0	0.0	0.0	0.0	0.0	0.0	0.0	0.0	0.0	0.0	0.0	0.0	0.0	0.0	0.0	0.0	0.0	0.0	0.0	0.0	0.0	-0.09999999999999998	0.0	0.09999999999999998	0.0	0.09999999999999998	-0.19999999999999996	0.09999999999999998	-0.18181818181818177	0.027272727272727337	-0.1636363636363637	0.12727272727272732	0.036363636363636376	-0.09090909090909094	-0.08181818181818179	0.018181818181818188	-0.08181818181818179	0.009090909090909038	0.0	0.0	0.0	0.009090909090909038	-0.045454545454545414	0.0	0.0	0.0	0.0	0.0	0.0	0.0	0.0	0.0	0.0	0.009090909090909038	-0.08181818181818179	-0.18181818181818177	-0.09090909090909094	-0.18181818181818177	-0.09090909090909094	0.0	0.0	0.0	0.0	0.0																				
tRNA-Asn-GTT-1-1	0.0	0.0	0.0	0.0	0.0	0.0	0.0	0.0	-0.10000000000000009	-0.10000000000000009	0.0	0.0	0.0	0.09999999999999998	0.09999999999999998	0.0	0.0	0.0	0.0	0.0	0.0	0.0	0.0	0.0	0.0	0.0	0.0	0.0	0.0	0.0	0.0	0.0	-0.19999999999999996	0.0	0.20000000000000007	0.0	0.09999999999999998	-0.30000000000000004	-0.09999999999999998	0.0	0.09999999999999998	0.0	0.0	0.0	0.0	0.0	0.0	0.0	0.0	0.0	0.0	0.0	0.0	0.0	0.0	0.0	0.0	0.0	0.0	0.0	0.0	-0.09999999999999998	0.0	-0.09999999999999998	0.0	0.0	0.0	0.0	0.0	0.0	0.0	0.0	0.0	0.0	0.0	0.0																					
tRNA-Asp-GTC-1-1	0.0	0.0	0.0	0.0	0.0	0.0	-0.09999999999999998	-0.09999999999999998	0.0	0.09999999999999998	0.09999999999999998	0.0	0.0	0.0	0.0	0.0	0.0	0.0	0.0	0.0	0.0	0.0	-0.09999999999999998	0.0	-0.09999999999999998	-0.09999999999999998	0.0	0.0	0.0	0.0	0.0	0.0	0.0	0.0	0.0	-0.10000000000000009	0.0	0.0	0.0	0.0	0.0	0.0	0.0	0.0	0.0	0.0	0.0	0.0	0.0	0.0	0.0	0.0	0.0	0.0	0.0	0.0	0.0	0.0	0.0	0.0	0.0	0.0	0.0	0.0	0.0	0.0	0.0	0.0	0.0	0.0	0.0	0.0	0.0	0.0	0.0	0.0	0.0																				
tRNA-Cys-GCA-1-1	0.0	0.0	0.0	0.0	0.0	0.0	0.0	0.0	0.0	0.0	0.0	0.0	0.0	0.0	0.0	0.0	-0.09999999999999998	0.09999999999999998	0.0	0.0	0.0	0.0	0.0	0.0	0.0	0.0	0.0	0.10000000000000009	-0.09999999999999998	0.0	0.0	0.0	0.0	0.0	0.0	0.0	0.0	-0.09999999999999998	0.09999999999999998	0.0	-0.09999999999999998	0.09999999999999998	0.0	0.0	0.0	0.0	0.0	0.0	0.0	0.0	0.0	0.0	0.0	0.0	0.0	0.0	0.0	0.0	0.0	0.0	0.0	0.0	0.0	0.0	0.0	0.0	0.0	0.0	0.0	0.0	0.0	0.0	0.0	0.0																							
tRNA-Gln-CTG-1-1	0.0	0.0	0.0	0.0	0.0	0.0	0.0	0.0	0.0	0.0	0.0	0.0	0.0	0.0	0.0	0.0	0.0	0.0	0.0	0.0	-0.09999999999999998	0.09999999999999998	0.0	0.0	0.0	0.0	0.0	0.0	0.0	0.0	0.0	0.0	0.0	0.0	0.0	0.0	0.0	0.0	0.0	0.0	0.0	0.0	0.0	-0.10000000000000009	0.09999999999999998	0.0	0.0	0.0	0.0	0.0	0.0	0.0	0.0	0.0	0.0	0.0	0.0	0.0	0.0	0.0	0.0	0.0	0.0	0.0	0.0	0.0	0.0	0.0	0.0	0.0	0.0	0.0	0.0	0.0	0.0																						
tRNA-Gln-TTG-1-1	0.0	0.0	0.0	0.0	0.0	0.0	0.0	0.0	-0.09999999999999998	0.0	0.0	0.09999999999999998	0.0	0.0	0.0	0.0	0.0	0.0	0.0	0.0	0.0	0.0	0.0	0.0	0.0	0.0	0.0	0.0	0.0	0.0	0.0	0.0	0.0	0.0	0.0	0.0	0.0	-0.09999999999999998	-0.09999999999999998	-0.09999999999999998	0.09999999999999998	-0.09999999999999998	0.0	0.10000000000000009	0.0	0.0	0.0	0.09999999999999998	0.09999999999999998	0.0	0.0	0.0	0.0	0.0	0.0	0.0	0.0	0.0	0.0	0.0	0.0	0.0	0.0	0.0	0.0	0.0	0.0	0.0	0.0	0.0	0.0	0.0	0.0	0.0	0.0																						
tRNA-Glu-TTC-1-1	0.0	0.0	0.0	0.0	0.0	0.0	0.0	-0.09999999999999998	0.0	0.0	0.0	0.0	0.0	0.0	0.0	0.0	0.0	0.0	0.0	0.0	0.0	0.0	0.0	0.0	0.0	0.0	0.0	0.0	0.0	0.0	0.0	0.0	0.0	0.0	0.0	0.0	-0.09999999999999998	0.0	0.09999999999999998	-0.10000000000000009	0.09999999999999998	0.0	0.0	0.0	0.0	0.0	0.0	0.0	0.0	0.0	0.0	0.0	0.0	0.0	0.0	0.0	0.0	0.0	0.0	0.0	0.0	0.0	0.0	0.0	0.0	0.0	0.0	0.0	0.0	0.0	0.0	0.0	0.0	0.0	0.0	0.0																					
tRNA-Gly-CCC-1-1	0.0	0.0	0.0	0.0	0.0	0.0	0.0	0.0	0.0	0.0	0.0	0.0	0.0	0.0	0.0	0.0	0.0	0.0	0.0	0.0	0.0	0.0	0.0	0.0	0.0	0.0	0.0	0.0	0.0	0.0	0.0	0.0	0.0	0.0	0.0	0.0	0.0	0.0	0.0	0.0	0.0	0.0	0.0	0.0	0.0	0.0	0.0	0.0	0.0	0.0	0.0	0.0	0.0	0.0	0.0	0.0	0.0	0.0	0.11111111111111116	0.0	-0.11111111111111116	0.0	0.0	0.0	0.0	0.0	0.0	0.0	0.0	0.0	0.0	0.0	0.0	0.0																							
tRNA-Gly-GCC-1-1	-0.09999999999999998	0.0	0.09999999999999998	0.0	0.0	0.0	0.0	0.0	0.0	0.0	0.0	0.0	0.0	0.0	-0.09999999999999998	-0.10000000000000009	0.0	-0.09999999999999998	0.0	0.09999999999999998	0.0	0.09999999999999998	0.0	0.09999999999999998	0.0	0.0	-0.09999999999999998	0.0	0.0	0.0	0.09999999999999998	0.0	0.0	0.0	0.0	0.0	0.0	0.0	0.09999999999999998	-0.09999999999999998	0.0	0.0	0.0	0.0	0.0	0.0	0.0	0.0	0.0	0.0	0.0	0.0	0.0	0.0	0.0	0.0	0.0	0.0	0.0	0.0	0.0	0.0	0.0	0.0	0.0	0.0	0.0	0.0	0.0	0.0	0.0	0.0	0.0	0.0	0.0	0.0																					
tRNA-Gly-TCC-1-1	0.0	0.0	0.0	0.0	0.0	0.0	0.0	0.0	0.0	0.0	-0.09999999999999998	-0.09999999999999998	0.09999999999999998	0.09999999999999998	0.0	0.0	0.0	0.0	0.0	0.0	0.0	0.0	0.0	0.0	0.0	0.0	0.0	-0.09999999999999998	0.0	0.09999999999999998	0.0	0.0	0.0	0.0	0.0	0.0	0.0	0.0	0.0	0.0	0.0	0.0	0.0	0.0	0.0	0.0	0.0	0.0	0.0	0.0	0.0	0.0	0.0	0.0	0.0	0.0	0.0	0.0	0.0	0.0	0.0	0.0	0.0	0.0	0.0	0.0	0.0	0.0	-0.09999999999999998	0.0	0.0	0.0	0.09999999999999998	0.0	0.0																						
tRNA-His-GTG-1-1	0.0	0.0	0.0	0.0	0.0	-0.09999999999999998	-0.09999999999999998	0.09999999999999998	0.09999999999999998	0.0	0.0	0.0	0.0	0.0	0.0	0.0	0.0	0.19999999999999996	-0.20000000000000007	0.0	0.0	-0.09999999999999998	0.09999999999999998	0.0	0.0	0.0	0.0	0.09999999999999998	0.0	0.0	-0.09999999999999998	0.0	0.0	0.0	0.0	0.0	0.0	0.0	0.0	0.0	0.0	0.0	0.0	0.0	0.0	0.09999999999999998	0.0	0.0	-0.10000000000000009	0.0	0.09999999999999998	0.0	-0.09999999999999998	-0.09999999999999998	0.0	0.0	0.0	0.0	0.0	0.0	0.09999999999999998	0.0	-0.09999999999999998	0.0	0.0	0.0	0.0	0.0	0.0	0.0	0.0	0.0	0.0	0.0	0.0	0.0																					
tRNA-Ile-GAT-1-1	0.0	0.0	0.0	0.0	0.0	0.0	0.0	0.0	0.0	0.0	0.0	0.0	0.0	0.0	-0.09999999999999998	-0.10000000000000009	-0.09999999999999998	0.09999999999999998	0.09999999999999998	0.09999999999999998	0.0	0.0	0.0	0.0	0.0	0.0	0.0	0.0	0.0	0.10000000000000009	0.09999999999999998	-0.09999999999999998	-0.10000000000000009	0.0	0.0	0.0	0.0	0.0	0.0	0.0	0.0	0.0	0.0	0.0	0.0	0.0	0.0	0.0	0.0	0.0	0.0	0.0	0.0	0.0	0.0	0.0	0.0	0.0	0.0	0.0	0.0	0.0	0.0	0.0	0.0	0.0	0.0	0.0	0.0	0.0	0.0	0.0	0.0	0.0	0.0	0.0	0.0																				
tRNA-Ile2-CAT-1-1	0.0	0.0	-0.17647058823529416	-0.05882352941176472	0.0	-0.21176470588235297	0.12352941176470589	-0.01764705882352946	0.0	0.0	0.0	0.0	0.0	0.04117647058823526	0.0	-0.05882352941176472	0.0	-0.0117647058823529	-0.17647058823529416	-0.28823529411764703	0.12352941176470589	0.0	0.0	0.0	0.0	-0.4117647058823529	-0.4117647058823529	-0.05882352941176472	0.04117647058823526	0.09999999999999998	0.04117647058823526	0.08235294117647052	0.0117647058823529	-0.2529411764705882	-0.1705882352941176	0.05294117647058827	0.12352941176470589	0.22352941176470587	0.02941176470588236	0.07058823529411762	-0.09411764705882353	0.005882352941176561	0.11176470588235288	-0.12941176470588234	0.21176470588235297	0.05294117647058827	0.02941176470588236	-0.07647058823529418	-0.01764705882352946	-0.05882352941176472	0.0	0.0	0.0	0.04117647058823526	0.4117647058823529	0.0	0.0	0.0	-0.4117647058823529	0.0	0.0	0.0	0.0	0.0	0.0	0.0	-0.31176470588235294	0.0	0.0	0.0	0.09999999999999998	0.09999999999999998	0.09999999999999998	0.09999999999999998	0.09999999999999998	0.09999999999999998																					
tRNA-Leu-CAA-1-1	0.0	0.0	0.0	0.0	0.0	0.0	0.0	0.0	0.0	0.0	0.0	0.0	0.0	0.0	0.0	0.0	0.0	0.0	0.0	0.0	0.0	0.0	0.0	0.0	0.0	0.0	0.0	0.0	0.09999999999999998	0.0	-0.09999999999999998	0.0	0.0	0.0	-0.09999999999999998	-0.09999999999999998	0.4	0.0	-0.30000000000000004	0.0	0.0	0.3999999999999999	-0.5	-0.09999999999999998	0.0	-0.09999999999999998	0.0	0.0	0.0	0.0	0.0	0.0	0.0	0.0	0.0	0.0	0.0	0.0	0.0	0.0	0.0	0.0	0.0	0.0	0.0	0.0	0.0	0.0	0.0	0.0	0.0	0.0	0.0	0.0	0.0	0.0	0.0	0.0	0.0	0.0	0.0	0.0	0.0	0.09999999999999998	0.0												
tRNA-Leu-CAG-1-1	0.0	0.04999999999999993	0.0	0.09999999999999998	-0.09999999999999998	-0.09999999999999998	-0.050000000000000044	0.0	0.09999999999999998	0.0	0.0	0.0	0.0	0.0	0.0	-0.09999999999999998	-0.09999999999999998	-0.050000000000000044	-0.1499999999999999	0.04999999999999993	0.0	0.04999999999999993	0.0	0.09999999999999998	0.09999999999999998	0.0	-0.15000000000000002	0.15000000000000002	0.15000000000000002	0.050000000000000044	0.0	0.19999999999999996	0.15000000000000002	0.15000000000000002	0.10000000000000009	0.09999999999999998	0.050000000000000044	0.19999999999999996	0.19999999999999996	-0.050000000000000044	0.25	0.04999999999999993	0.0	0.0	-0.050000000000000044	-0.050000000000000044	-0.15000000000000002	-0.4	-0.20000000000000007	0.04999999999999993	0.0	-0.050000000000000044	-0.050000000000000044	-0.050000000000000044	0.0	0.0	0.04999999999999993	-0.050000000000000044	0.15000000000000002	0.09999999999999998	0.0	0.0	0.0	0.0	-0.09999999999999998	0.04999999999999993	0.0	0.0	0.0	0.0	0.0	-0.04999999999999993	-0.10000000000000009	-0.15000000000000002	-0.09999999999999998	0.0	0.0	0.0	0.0	0.04999999999999993	0.0	0.0	-0.050000000000000044	-0.09999999999999998	0.0	0.04999999999999993	0.0										
tRNA-Leu-GAG-1-1	0.0	0.0	0.0	0.0	0.0	0.0	0.0	0.0	0.0	0.0	0.0	0.0	0.0	0.0	0.0	0.0	-0.09999999999999998	0.0	0.0	0.09999999999999998	0.0	0.0	0.0	0.0	0.0	0.0	0.0	0.0	0.0	0.0	0.0	0.0	0.0	0.0	-0.10000000000000009	0.0	0.0	0.0	0.0	0.0	0.0	0.0	0.0	0.0	0.0	0.0	0.09999999999999998	0.0	-0.09999999999999998	0.0	0.0	0.0	0.0	0.0	0.0	0.0	0.0	0.0	0.0	0.0	0.0	0.0	0.0	0.0	0.0	0.0	0.0	0.0	0.0	0.0	0.0	0.0	0.0	0.0	0.0	0.0	0.0	0.0	0.0	0.0	0.0	0.0	0.0	0.0	0.0	0.0	0.0										
tRNA-Leu-TAA-1-1	0.0	0.0	0.0	0.0	0.0	0.0	0.0	0.0	0.0	0.0	0.0	0.0	0.0	0.0	0.0	0.0	-0.09999999999999998	0.0	0.0	0.0	0.0	0.0	0.0	0.10000000000000009	0.0	-0.10000000000000009	0.0	0.10000000000000009	-0.10000000000000009	0.0	0.0	0.0	0.09999999999999998	0.09999999999999998	-0.19999999999999996	0.0	0.0	0.0	-0.09999999999999998	0.0	0.0	0.0	-0.19999999999999996	0.0	0.19999999999999996	0.0	0.0	0.0	0.0	0.09999999999999998	-0.09999999999999998	0.0	0.0	0.0	0.0	0.0	0.0	0.0	0.0	0.0	0.0	0.0	0.0	0.0	0.0	0.0	0.0	0.0	0.0	0.0	0.0	0.0	0.0	0.0	0.0	0.0	0.0	0.0	0.0	0.0	0.0	0.0	0.0	0.0	0.0	0.0	0.0										
tRNA-Leu-TAG-1-1	0.0	0.0	0.0	0.0	0.0	0.0	0.0	0.0	0.0	0.0	0.0	0.0	0.0	0.0	0.0	0.0	0.0	0.0	0.0	0.0	0.10000000000000009	0.0	0.0	0.0	0.0	0.09999999999999998	-0.09999999999999998	0.0	-0.10000000000000009	0.0	0.0	0.10000000000000009	0.09999999999999998	0.09999999999999998	-0.19999999999999996	-0.09999999999999998	0.0	0.0	0.0	0.0	0.0	0.0	0.0	0.0	0.0	0.0	0.0	0.0	0.0	0.0	0.0	0.0	0.0	0.0	0.0	0.0	0.0	0.0	0.0	0.0	0.0	0.0	0.0	0.0	0.0	0.0	0.0	0.0	0.0	0.0	0.0	0.0	0.0	0.0	0.0	0.0	0.0	0.0	0.0	0.0	0.0	0.0	0.0	0.0	0.0												
tRNA-Lys-TTT-1-1	0.0	0.0	0.0	0.0	0.0	0.0	0.0	0.0	0.0	0.0	0.0	0.0	0.0	0.0	0.0	0.0	0.0	0.0	0.0	0.0	0.0	0.0	0.0	0.0	0.0	0.0	-0.09999999999999998	0.0	0.0	0.0	0.0	0.0	0.0	-0.10000000000000009	0.0	-0.09999999999999998	-0.09999999999999998	0.09999999999999998	0.0	0.0	0.0	0.0	0.20000000000000007	0.09999999999999998	0.0	0.0	-0.10000000000000009	0.018181818181818188	0.009090909090909038	0.009090909090909038	0.0	0.0	0.0	0.0	-0.08181818181818179	0.0	0.0	0.0	0.0	0.0	0.0	0.0	0.009090909090909038	0.009090909090909038	0.0	0.0	0.0	0.0	0.0	0.009090909090909038	0.0	-0.09090909090909094	-0.08181818181818179	0.018181818181818188	0.0	0.0																					
tRNA-Met-CAT-1-1	0.0	0.0	0.0	0.0	0.0	0.0	0.0	0.0	0.0	0.0	0.0	0.0	0.0	0.0	0.0	0.0	0.0	0.0	0.0	0.0	0.0	0.0	0.0	0.0	0.0	0.0	0.0	0.0	0.0	-0.09999999999999998	-0.09999999999999998	-0.09999999999999998	0.0	0.09999999999999998	0.09999999999999998	0.09999999999999998	0.0	0.0	0.09999999999999998	-0.09999999999999998	-0.09999999999999998	0.0	0.0	0.0	0.0	0.0	0.0	0.0	0.0	0.0	0.0	0.0	0.0	0.0	0.0	0.0	0.0	0.0	0.0	0.0	0.0	0.0	0.0	0.0	0.0	0.0	0.09999999999999998	-0.09999999999999998	0.0	0.0	0.0	0.0	0.0	0.0	0.0	0.0	0.0																				
tRNA-Phe-GAA-1-1	0.0	0.0	0.0	0.0	0.0	0.0	0.0	0.0	0.0	0.0	0.0	0.0	0.0	0.0	0.0	0.0	0.0	0.0	0.0	0.0	0.0	0.0	0.0	0.0	0.0	0.0	0.0	0.0	0.0	0.0	0.0	0.0	0.0	0.0	0.20000000000000007	0.0	0.0	-0.19999999999999996	-0.19999999999999996	0.0	0.30000000000000004	-0.10000000000000009	-0.09999999999999998	-0.09999999999999998	-0.09999999999999998	0.10000000000000009	0.0	0.0	0.0	0.0	0.0	0.0	0.0	0.09999999999999998	-0.09999999999999998	-0.09999999999999998	-0.09999999999999998	0.0	0.0	0.0	-0.09999999999999998	0.0	0.0	0.0	-0.09999999999999998	0.0	0.0	0.0	0.09999999999999998	0.0	0.0	0.0	0.0	0.0	0.0	0.0																					
tRNA-Pro-CGG-1-1	0.0	0.0	0.0	0.0	0.0	0.0	0.0	0.0	0.0	0.0	0.0	0.0	0.0	0.0	0.0	0.0	0.0	0.0	0.0	0.0	0.0	0.0	0.0	0.0	0.0	0.0	0.0	0.0	0.0	-0.09999999999999998	0.0	0.09999999999999998	0.19999999999999996	-0.09999999999999998	0.0	0.09999999999999998	0.19999999999999996	-0.19999999999999996	0.0	-0.20000000000000007	0.09999999999999998	0.0	-0.09999999999999998	-0.09999999999999998	-0.09999999999999998	-0.09999999999999998	0.0	0.0	0.0	0.0	0.0	0.0	0.0	0.0	0.0	0.0	0.0	0.0	0.0	0.0	0.0	0.0	0.0	0.0	0.0	0.0	0.0	0.0	0.0	0.0	0.0	0.0	0.0	0.0	0.0	0.0	0.0																				
tRNA-Pro-GGG-1-1	0.0	0.0	0.0	0.0	0.0	0.0	0.0	0.0	0.0	0.0	0.0	0.0	0.0	0.0	0.0	0.0	0.0	0.0	0.0	0.0	0.0	0.0	0.0	0.0	0.0	0.0	0.0	0.0	0.0	0.0	0.0	0.0	0.0	0.0	0.0	0.0	0.0	0.0	0.0	0.0	0.0	0.0	0.0	0.0	0.0	0.0	0.0	0.0	0.0	0.0	0.0	0.0	0.0	0.0	0.0	0.0	0.0	0.0	0.0	0.0	0.0	0.0	0.0	0.0	0.0	0.0	0.0	0.0	0.0	0.0	0.0	0.0	0.0	0.0	0.0	0.0	0.0																				
tRNA-Pro-TGG-1-1	0.0	0.0	0.0	0.0	0.0	0.0	0.0	0.0	0.0	0.0	0.0	0.0	0.0	0.0	0.0	0.0	0.0	0.0	0.0	0.0	0.0	0.0	0.0	0.0	0.0	0.0	0.10000000000000009	-0.10000000000000009	0.0	0.09999999999999998	0.19999999999999996	-0.19999999999999996	0.0	0.0	-0.09999999999999998	-0.09999999999999998	0.0	0.0	0.0	0.09999999999999998	0.0	-0.09999999999999998	0.0	0.0	0.0	0.0	0.0	0.0	0.0	0.0	0.0	0.0	0.0	0.0	0.0	0.0	0.0	0.0	0.0	0.0	-0.09999999999999998	0.0	-0.09999999999999998	0.0	0.0	0.05555555555555558	-0.09999999999999998	0.011111111111111183	-0.09999999999999998	0.0	0.0	0.0	0.0	0.0	0.0	0.0	0.0																				
tRNA-SeC-TCA-1-1	0.0	0.0	0.0	0.0	0.0	0.0	-0.11111111111111116	-0.11111111111111116	-0.11111111111111116	0.0	0.0	0.09999999999999998	0.09999999999999998	0.09999999999999998	0.0	0.0	0.0	-0.011111111111111183	0.0	-0.011111111111111183	0.0	0.0	-0.11111111111111116	-0.11111111111111116	-0.12222222222222223	0.09999999999999998	0.09999999999999998	0.09999999999999998	0.0	0.0	0.0	0.0	0.09999999999999998	0.18888888888888888	-0.12222222222222223	-0.11111111111111116	-0.033333333333333326	0.022222222222222254	-0.022222222222222254	-0.011111111111111183	-0.011111111111111183	-0.011111111111111183	-0.011111111111111183	-0.011111111111111183	0.07777777777777783	-0.12222222222222223	0.0	0.0	0.0	0.0	0.0	0.0	0.0	-0.022222222222222254	-0.011111111111111183	0.033333333333333215	0.0	0.0	0.0	0.0	-0.011111111111111183	0.0	0.0	0.0	-0.011111111111111183	0.0	0.0	0.0	0.0	0.0	0.0	0.09999999999999998	-0.033333333333333326	0.0	0.0	0.0	0.0	-0.011111111111111183	0.0	0.0	0.09999999999999998	0.0	0.09999999999999998	0.0	0.09999999999999998	0.0	0.0	0.0	0.0	0.0	0.0	0.0	0.09999999999999998	0.09999999999999998	0.09999999999999998		
tRNA-Ser-CGA-1-1	0.0	-0.11111111111111116	-0.11111111111111116	0.0	0.0	0.09999999999999998	0.09999999999999998	0.0	0.0	-0.011111111111111183	0.0	0.0	0.0	0.0	-0.011111111111111183	-0.011111111111111183	0.0	0.0	0.09999999999999998	0.0	0.0	0.0	0.0	0.0	0.0	0.0	0.0	0.0	0.0	0.0	0.0	-0.011111111111111183	-0.022222222222222254	0.07777777777777783	0.05555555555555558	0.09999999999999998	0.14444444444444438	0.3555555555555556	-0.2222222222222222	-0.3555555555555556	0.05555555555555558	0.09999999999999998	0.09999999999999998	0.0	0.09999999999999998	0.0	-0.011111111111111183	0.07777777777777783	0.0888888888888888	0.0888888888888888	0.19999999999999996	-0.011111111111111183	-0.11111111111111116	0.18888888888888888	-0.011111111111111183	0.0888888888888888	0.18888888888888888	-0.2222222222222222	-0.022222222222222254	0.05555555555555558	0.0888888888888888	0.0888888888888888	-0.022222222222222254	-0.011111111111111183	0.0	0.0	0.0	-0.022222222222222254	-0.05555555555555558	0.0	-0.033333333333333326	-0.011111111111111183	-0.011111111111111183	0.0	0.0	0.0	0.0	0.0	-0.33333333333333337	-0.0444444444444444	0.30000000000000004	0.0	-0.011111111111111183	0.0	0.0	0.0	-0.011111111111111183	-0.022222222222222254	0.0	0.0							
tRNA-Ser-GCT-1-1	0.0	0.0	0.0	0.0	0.0	0.0	0.0	0.0	0.0	0.0	0.0	0.0	0.0	0.0	0.0	0.0	0.0	0.0	0.0	0.0	0.0	0.0	0.0	0.0	-0.09999999999999998	-0.09999999999999998	0.09999999999999998	0.09999999999999998	0.0	0.29999999999999993	0.19999999999999996	-0.29999999999999993	-0.4	-0.19999999999999996	0.0	0.19999999999999996	0.19999999999999996	0.0	0.0	0.0	0.0	0.0	0.0	0.0	0.0	0.0	0.0	0.0	-0.09999999999999998	0.09999999999999998	-0.09999999999999998	0.0	0.0	-0.09999999999999998	0.0	0.0	0.0	0.0	0.0	0.0	0.0	0.0	0.0	0.0	0.0	0.0	0.09999999999999998	0.0	0.0	-0.09999999999999998	0.0	0.0	0.0	0.0	0.0	0.0	0.0	0.0	0.0	0.0	0.0	0.0	0.0	0.0	0.0	0.0	0.0	0.0	0.0	0.0	0.0	0.0	0.0				
tRNA-Ser-GGA-1-1	0.0	0.0	0.0	0.0	0.0	0.0	0.0	0.0	0.0	0.0	0.0	0.0	0.0	0.0	0.0	-0.09999999999999998	0.0	0.0	0.0	0.0	0.09999999999999998	0.0	0.0	0.0	0.0	0.0	0.0	-0.09999999999999998	0.0	0.0	0.0	0.09999999999999998	0.0	0.0	0.0	0.0	0.0	0.0	0.0	0.0	0.0	0.0	0.0	0.0	0.0	0.0	0.0	0.0	0.0	0.09999999999999998	-0.09999999999999998	0.0	0.0	0.0	0.0	0.0	0.0	0.0	0.0	0.0	0.0	0.0	0.0	0.0	0.0	-0.09999999999999998	-0.09999999999999998	-0.09999999999999998	-0.09999999999999998	-0.09999999999999998	-0.09999999999999998	-0.09999999999999998	0.022222222222222254	0.022222222222222254	-0.09999999999999998	-0.09999999999999998	-0.09999999999999998	-0.09999999999999998	-0.18888888888888888	0.022222222222222254	0.011111111111111183	0.011111111111111183	0.011111111111111183	0.0	0.0	0.0	0.0	0.0									
tRNA-Ser-TGA-1-1	0.0	0.0	0.0	0.0	-0.09999999999999998	-0.09999999999999998	0.0	0.09999999999999998	0.09999999999999998	0.0	0.0	0.0	0.0	0.0	0.0	0.0	0.0	0.0	0.0	0.0	0.0	0.0	0.0	0.0	0.0	0.0	0.0	0.09999999999999998	-0.09999999999999998	0.09999999999999998	-0.09999999999999998	-0.19999999999999996	0.0	0.30000000000000004	-0.10000000000000009	0.0	0.20000000000000007	0.09999999999999998	-0.09999999999999998	-0.20000000000000007	0.0	0.0	0.0	0.0	0.0	0.0	0.0	0.0	0.0	0.0	0.0	0.0	0.0	0.0	0.0	0.0	0.0	0.0	0.0	0.0	0.0	0.0	0.0	0.0	0.0	0.0	0.0	0.0	0.0	0.0	0.0	0.0	0.0	0.0	0.0	0.0	0.0	0.0	0.0	0.0	0.0	0.0	0.0	0.0	0.0	0.0	0.0	0.0									
tRNA-Thr-CGT-1-1	0.0	0.0	0.0	0.0	0.0	0.0	0.0	-0.011111111111111183	-0.011111111111111183	-0.011111111111111183	0.0	-0.11111111111111116	-0.022222222222222254	-0.033333333333333326	0.06666666666666665	-0.033333333333333326	0.19999999999999996	0.0888888888888888	0.0888888888888888	0.0888888888888888	0.0	0.09999999999999998	0.0	0.0	0.0	0.0	0.0	0.0	0.0	0.0	0.0	0.09999999999999998	0.0	0.0	0.09999999999999998	0.0	0.18333333333333335	-0.09999999999999998	0.0	0.06666666666666665	-0.15000000000000002	0.016666666666666607	0.0	0.09230769230769231	-0.007692307692307665	-0.16153846153846152	-0.05384615384615388	0.0461538461538461	0.0	0.1367521367521367	0.0	0.0	0.0	0.0	-0.0854700854700855	0.0	0.0	0.03418803418803429	0.0	0.03418803418803429	0.0	0.0	0.0	0.0	0.0	0.0	0.0	0.0	0.0	0.0	0.0	0.0	0.0	0.03418803418803429	0.0	0.11111111111111116																					
tRNA-Thr-CGT-2-1	0.0	0.0	0.0	0.0	0.0	0.0	0.0	0.0	0.0	0.0	0.0	0.0	0.0	0.0	0.0	0.375	0.0	-0.5	0.375	-0.875	0.375	0.375	0.0	-0.125	0.5	0.375	0.25	0.5	0.125	0.25	-0.125	0.5	0.375	0.125	0.25	0.125	0.125	0.125	-0.125	0.0	0.375	0.0	0.0	0.0	-0.125	0.0	-0.125	0.0	-0.125	0.125	0.0	0.0	0.0	0.0	0.0	0.0	0.0	0.0	0.0	0.0	0.0	0.0	0.0	0.0	0.0	0.0	0.0	0.0	0.0	0.0	0.0																										
tRNA-Thr-GGT-1-1	0.0	0.0	0.0	0.0	-0.09999999999999998	-0.09999999999999998	-0.050000000000000044	0.0	-0.4	0.0	0.0	0.04999999999999993	0.04999999999999993	-0.19999999999999996	0.04999999999999993	0.0	0.04999999999999993	0.0	0.20000000000000007	-0.15000000000000002	0.0	0.0	0.04999999999999993	-0.09999999999999998	-0.15000000000000002	0.0	-0.15000000000000002	-0.09999999999999998	-0.09999999999999998	-0.050000000000000044	-0.09999999999999998	-0.09999999999999998	0.0	0.0	-0.09999999999999998	0.0	0.15000000000000002	0.0	0.0	0.20000000000000007	0.0	0.09999999999999998	-0.050000000000000044	-0.09999999999999998	0.0	-0.050000000000000044	-0.050000000000000044	0.0	-0.4	-0.5	-0.050000000000000044	0.09999999999999998	0.0	0.09999999999999998	-0.09999999999999998	0.0	0.0	0.0	-0.5	0.0	0.0	0.04999999999999993	0.04999999999999993	-0.5	-0.45000000000000007	0.09999999999999998	-0.050000000000000044	-0.050000000000000044	0.0	0.0	0.09999999999999998	0.09999999999999998	-0.09999999999999998	0.0	-0.050000000000000044	0.09999999999999998																					
tRNA-Thr-TGT-1-1	0.0	0.0	0.0	0.0	0.0	-0.011111111111111183	0.06666666666666665	-0.011111111111111183	0.0	0.0	0.0	0.0	0.0888888888888888	-0.05555555555555558	0.0	0.0	-0.06666666666666676	0.0	-0.011111111111111183	-0.011111111111111183	-0.011111111111111183	0.0	-0.011111111111111183	0.0	0.0888888888888888	0.0888888888888888	0.09999999999999998	0.09999999999999998	0.09999999999999998	0.0	0.09999999999999998	0.06666666666666665	-0.13333333333333341	0.0444444444444444	-0.11111111111111116	0.0444444444444444	-0.14444444444444438	0.07777777777777783	-0.06666666666666676	0.0888888888888888	-0.033333333333333326	-0.011111111111111183	-0.011111111111111183	-0.033333333333333326	-0.13333333333333341	-0.011111111111111183	0.0888888888888888	-0.05555555555555558	0.0	-0.11111111111111116	0.0	-0.06666666666666676	0.0	0.0	-0.0444444444444444	0.0	0.0	0.0	-0.011111111111111183	0.0	0.0	0.0	0.0	0.09999999999999998	0.0	0.19999999999999996	-0.11111111111111116	0.0	0.0	-0.011111111111111183	0.09999999999999998	0.0	-0.011111111111111183	0.0	0.0	-0.11111111111111116																					
tRNA-Trp-CCA-1-1	0.0	0.0	0.0	0.0	0.0	0.0	0.0	0.0	0.0	0.0	0.0	0.0	0.0	0.0	0.0	-0.09999999999999998	0.10000000000000009	0.0	0.0	0.0	0.0	0.0	0.0	0.0	0.0	0.0	0.0	0.0	0.0	0.0	0.0	-0.09999999999999998	0.0	0.19999999999999996	-0.19999999999999996	-0.09999999999999998	0.09999999999999998	0.0	-0.10000000000000009	0.10000000000000009	-0.09999999999999998	-0.09999999999999998	0.0	0.0	0.0	0.10000000000000009	0.0	0.0	0.0	0.0	0.0	0.0	0.0	0.0	0.0	0.0	0.0	0.0	0.0	0.0	0.0	0.0	0.0	0.0	0.0	-0.09999999999999998	0.0	0.09999999999999998	0.0	0.0	0.0	0.0	0.0	0.0	0.0	0.0																					
tRNA-Tyr-GTA-1-1	0.0	0.0	0.0	0.11111111111111105	0.0	0.0	0.0	0.11111111111111105	0.2222222222222222	0.05555555555555558	0.0	0.0	-0.05555555555555558	0.11111111111111105	-0.05555555555555558	0.0	-0.11111111111111116	0.0	-0.16666666666666663	0.0	0.0	-0.05555555555555558	0.0	0.0	0.0	0.0	0.05555555555555558	-0.05555555555555558	0.05555555555555558	-0.11111111111111116	0.11111111111111116	0.05555555555555558	-0.11111111111111105	-0.11111111111111105	0.0	0.11111111111111105	0.16666666666666663	0.16666666666666674	-0.16666666666666674	-0.33333333333333337	0.2777777777777778	-0.11111111111111105	-0.11111111111111105	0.0	-0.05555555555555558	0.05555555555555558	-0.11111111111111116	-0.16666666666666674	-0.38888888888888884	0.0	-0.5	0.0	0.11111111111111116	0.0	0.0	0.0	0.05555555555555558	0.11111111111111116	0.0	0.05555555555555558	0.05555555555555558	0.05555555555555558	0.11111111111111116	0.0	0.11111111111111116	0.0	0.2222222222222222	0.11111111111111116	0.0	0.0	0.0	0.11111111111111116	0.0	-0.16666666666666663	0.0	0.11111111111111116	0.11111111111111105	0.05555555555555558	0.11111111111111105	-0.05555555555555558	0.05555555555555558	0.16666666666666663	0.05555555555555558	0.0	0.11111111111111116												
tRNA-Und-NNN-2-1	0.0	0.0	0.0	0.0	0.0	0.0	0.0	0.0	0.0	0.0	0.0	0.0	0.0	0.0	0.0	0.0	0.0	0.0	0.0	0.0	0.0	0.0	0.0	0.0	0.0	0.0	0.0	0.0	0.0	0.0	0.0	0.0	0.0	0.0	0.0	0.0	0.0	0.0	0.0	0.0	0.0	0.0	0.0	0.0	0.0	0.0	0.0	0.0	0.0	0.0	0.0	0.0	0.0	0.0	0.0	0.0	0.0	0.0	0.0	0.0	0.0	0.0	0.0	0.0	0.0	0.0	0.0	0.0	0.0	0.0	0.0	0.0	0.0	0.0	0.0	0.0	0.0	0.0	-0.09999999999999998	0.0	0.0	0.0	0.0	0.0	0.0	0.0	0.0	0.09999999999999998	0.0	0.0	0.0	0.0	0.0	0.0	0.0	0.0	0.0
tRNA-Val-GAC-1-1	0.0	-0.052631578947368474	-0.04678362573099415	-0.052631578947368474	-0.4736842105263158	-0.10526315789473684	-0.4736842105263158	-0.052631578947368474	0.0	-0.052631578947368474	-0.052631578947368474	-0.052631578947368474	0.005847953216374324	-0.04678362573099415	-0.0935672514619883	0.1286549707602339	-0.20467836257309935	0.11695906432748537	-0.08771929824561397	0.1228070175438597	-0.08771929824561397	0.05847953216374269	0.0643274853801169	0.0	0.0	-0.2573099415204678	-0.20467836257309935	-0.3099415204678362	-0.10526315789473684	0.011695906432748537	0.011695906432748537	0.17543859649122806	0.11695906432748537	0.05847953216374269	0.05847953216374269	0.0	0.05847953216374269	-0.040935672514619936	0.0643274853801169	-0.04678362573099415	0.05847953216374269	0.05847953216374269	0.14035087719298245	0.05555555555555558	0.2222222222222222	0.05555555555555558	-0.11111111111111105	0.11111111111111105	-0.05555555555555558	-0.05555555555555558	-0.5	0.0	0.0	0.0	-0.11111111111111116	0.33333333333333326	0.0	-0.05555555555555558	0.0	0.0	0.0	0.0	0.0	-0.11111111111111116	-0.4444444444444444	0.11111111111111105	-0.5	-0.05555555555555558	-0.4444444444444444	0.11111111111111116	0.05555555555555558	0.05555555555555558	0.05555555555555558	0.05555555555555558	0.05555555555555558	0.0	0.05555555555555558																				
tRNA-Val-TAC-1-1	0.0	0.0	0.0	0.0	0.0	0.0	0.0	0.0	0.0	0.0	0.0	0.0	-0.09999999999999998	0.0	0.0	0.09999999999999998	0.0	0.0	0.0	-0.09999999999999998	-0.09999999999999998	0.0	0.09999999999999998	0.09999999999999998	0.0	0.0	0.0	0.0	0.0	0.0	0.0	0.0	0.0	0.0	0.0	0.0	0.0	0.11111111111111116	0.11111111111111116	-0.11111111111111116	0.0	0.0	0.11111111111111116	0.0	-0.11111111111111116	-0.11111111111111116	0.0	0.0	0.0	0.0	0.0	0.0	0.0	0.0	0.0	0.0	0.0	0.0	0.0	0.0	0.0	0.0	0.0	0.0	0.0	0.0	0.0	0.0	0.0	0.0	-0.11111111111111116	-0.11111111111111116	0.0	0.11111111111111116	0.11111111111111116	0.0																					
tRNA-fMet-CAT-1-1	0.0	0.0	0.0	0.050000000000000044	-0.050000000000000044	0.09999999999999998	0.0	0.04999999999999993	-0.050000000000000044	0.04999999999999993	0.0	0.0	0.0	0.04999999999999993	0.09999999999999998	0.04999999999999993	-0.050000000000000044	0.0	0.0	-0.050000000000000044	0.04999999999999993	-0.050000000000000044	0.0	-0.050000000000000044	0.0	-0.050000000000000044	-0.050000000000000044	0.0	0.04999999999999993	0.04999999999999993	-0.050000000000000044	0.04999999999999993	0.0	0.04999999999999993	-0.050000000000000044	-0.15000000000000002	0.10000000000000009	0.1499999999999999	-0.050000000000000044	-0.09999999999999998	0.0	0.0	-0.050000000000000044	0.050000000000000044	0.0	-0.35	-0.4	-0.050000000000000044	-0.050000000000000044	-0.09999999999999998	-0.15000000000000002	-0.050000000000000044	0.0	0.0	0.0	-0.15000000000000002	0.0	0.0	-0.050000000000000044	-0.050000000000000044	0.0	0.0	0.0	0.0	0.0	-0.050000000000000044	0.0	0.0	0.0	0.0	0.0	0.0	0.0	0.0	0.0	0.0	0.0																				
